,sample_id,id,sentence,metaphor,gold_domain,majority_vote,top_ranked_domains
0,1,262,"He offered Congress wide latitude to pass climate change legislation, but  held in reserve the threat of E.P.A. regulation if it failed to act.",pass,PATHWAY,PATHWAY,"[""PATHWAY"",""OBJECT HANDLING"",""TEMPERATURE"",""MAGIC"",""MACHINE""]"
1,2,263,"They seemed to get their wish in 2016, when the board unanimously passed a resolution that called for the integration of climate change and climate justice into the curriculum at all district schools.",passed,PATHWAY,PATHWAY,"[""PATHWAY"",""RULE ENFORCER"",""LIFE STAGE"",""BLOOD STREAM"",""FABRIC""]"
2,3,264,"\\\Something's fishy when the Bush administration delays a report showing no improvement in fuel economy until after passage of their energy bill, which fails to improve fuel economy,\\\ said Daniel Becker, the Sierra Club's top global warming strategist.",passage,PATHWAY,PATHWAY,"[""PATHWAY"",""JOURNEY"",""LIFE STAGE"",""PHYSICAL HARM"",""COMPETITION""]"
3,4,265,"Other parts of Mr. Biden’s agenda, like passing a public health insurance option, combating climate change, raising the minimum wage and tackling racial justice, will be impossible to fully achieve without some bipartisan cooperation.",passing,PATHWAY,PATHWAY,"[""PATHWAY"",""RULE ENFORCER"",""PHYSICAL LOCATION"",""TEMPERATURE"",""IMPURITY""]"
4,5,270,"Mexico, which enacted an ambitious climate change law in 2012, has urged other Latin American nations to pass similar legislation.",pass,PATHWAY,PATHWAY,"[""PATHWAY"",""RULE ENFORCER"",""PARASITE"",""BUSINESS"",""IMPURITY""]"
5,6,271,"Paramount Classics is pulling out the political stops to pump its documentary about global warming, \\\AN INCONVENIENT TRUTH,\\\ which arrives just at the moment when the broader culture seems ready to pay attention.",ready,MOVEMENT,NO METAPHOR,"[""MOVEMENT"",""VEHICLE"",""A RIGHT"",""FACTORY"",""CROP""]"
6,7,272,"In 2014, as he prepared to sue the Obama administration over the climate change rules, Mr. Pruitt wrote a draft of what such a rule might look like, noting, “An anti-carbon agenda should not be forced upon the public through executive or administrative fiat.”",prepared,MOVEMENT,NO METAPHOR,"[""MOVEMENT"",""RESOURCE"",""GAP"",""FURNISHINGS"",""DOWNWARD MOVEMENT""]"
7,8,273,"Representative Eddie Bernice Johnson of Texas, who is poised to take over the House Science Committee from Lamar Smith, who disputes the scientific consensus on climate change, vowed the issue would be front and center for her.",poised,MOVEMENT,MOVEMENT,"[""MOVEMENT"",""STRENGTH"",""ENERGY"",""SHAPE"",""FACTORY""]"
8,9,274,"President Bush is set to announce a plan today calling for voluntary measures to slow but not halt the growth in emissions of heat-trapping gases linked to global warming, White House officials said last night.",set,MOVEMENT,MOVEMENT,"[""MOVEMENT"",""VEHICLE"",""NATURAL PHYSICAL FORCE"",""PHYSICAL HARM"",""STRENGTH""]"
9,10,275,Environmental protection advocates say Mr. Obama is poised to reject the pipeline project in large part to make a bold statement about his commitment to curb climate change in advance of a United Nations summit meeting in Paris.,poised,MOVEMENT,MOVEMENT,"[""MOVEMENT"",""VEHICLE"",""CONFINEMENT"",""LIFE STAGE"",""BODY OF WATER""]"
10,11,276,"“The Energy Tax Prevention Act stops cap-and-trade regulations from taking effect once and for all,” Mr. Inhofe, the Senate’s most vocal climate change skeptic, said in a statement.",taking,OBJECT HANDLING,OBJECT HANDLING,"[""OBJECT HANDLING"",""RESOURCE"",""MAGIC"",""NATURAL PHYSICAL FORCE"",""HIGH LOCATION""]"
11,12,277,They delivered their promise to a House committee run by John Dingell — the crusty Michigan Democrat who is another convert to the cause and has taken to describing the global warming threat with phrases like “Hannibal is at the gates.”,taken,OBJECT HANDLING,OBJECT HANDLING,"[""OBJECT HANDLING"",""PHYSICAL OBJECT"",""STRUGGLE"",""LOW POINT"",""LIFE STAGE""]"
12,13,278,"The debate over global warming has taken on all the characteristics of a political brawl, complete with spin doctors and aggressive advertising.",taken,OBJECT HANDLING,OBJECT HANDLING,"[""OBJECT HANDLING"",""COMPETITION"",""COMPETITION"",""LIGHT"",""FABRIC""]"
13,14,279,"House Republicans, many of whom reject the scientific consensus about the human causes of global warming, took aim at almost every program that had to do with global warming.",took,OBJECT HANDLING,OBJECT HANDLING,"[""OBJECT HANDLING"",""FORCEFUL EXTRACTION"",""STRUGGLE"",""NATURAL PHYSICAL FORCE"",""VISION""]"
14,15,280,"But with the Trump administration vowing to leave the Paris agreement on climate change — affirmed on Monday by Gary D. Cohn, the chief White House economic adviser, at a meeting with allied ministers — Democratic state governors are taking an increasingly conspicuous role on the international stage, forming something of an informal negotiating team.",taking,OBJECT HANDLING,OBJECT HANDLING,"[""OBJECT HANDLING"",""PHYSICAL OBJECT"",""LEADER"",""POSITION AND CHANGE OF POSITION ON A SCALE"",""BUILDING""]"
15,16,281,"Opposition to the carbon tax trailed away after Ms. Gillard’s ouster, and public concern about climate change has only grown.",ax,TOOL,NO METAPHOR,"[""TOOL"",""ANIMAL"",""JOURNEY"",""NATURAL PHYSICAL FORCE"",""UPWARD MOVEMENT""]"
16,17,283,"Jim Blackburn, a planner, environmental lawyer and something of a lightning rod around here, has been warning for years about climate change, the decrepit state of Houston’s reservoirs and the perils of developing the Katy Prairie.",rod,TOOL,TOOL,"[""TOOL"",""OBJECT HANDLING"",""EMOTION EXPERIENCER"",""PHYSICAL LOCATION"",""PROTECTION""]"
17,18,285,"The problem was that it became associated with its narrator, Al Gore, a prominent Democrat who served as a lightning rod for conservatives who maintain that climate change is a hoax.",rod,TOOL,TOOL,"[""TOOL"",""FURNISHINGS"",""LIGHT"",""BARRIER"",""ABYSS""]"
18,19,286,"Criticisms of Mr. Gore have come not only from conservative groups and prominent skeptics of catastrophic warming, but also from rank-and-file scientists like Dr. Easterbook, who told his peers that he had no political ax to grind.",ax,TOOL,TOOL,"[""TOOL"",""ANIMAL"",""PLIABILITY"",""EMOTION EXPERIENCER"",""DARKNESS""]"
19,20,288,"Mr. Gore, the Nobel laureate and star of “An Inconvenient Truth,” the Oscar-winning documentary on climate change, has long been a bit of a lightning rod when it comes to climate issues.",rod,TOOL,TOOL,"[""TOOL"",""FIRE"",""MACHINE"",""PLANT"",""OBJECT HANDLING""]"
20,21,289,"The midterm elections are around the corner, and here on the climate desk we’ve been looking at how the issue of climate change is playing out around the country.",corner,PATHWAY,PATHWAY,"[""PATHWAY"",""PORTAL"",""LIFE STAGE"",""BACKWARD MOVEMENT"",""SCIENCE""]"
21,22,293,"There will continue to be tension even with some of the scientists on the other side of the aisle: Mr. Hern, the aerospace engineer elected in Oklahoma, has questioned whether human activity is the primary cause of climate change, and Mr. Green, the doctor from Tennessee, repeated the debunked claim that vaccines can cause autism.",aisle,PATHWAY,PATHWAY,"[""PATHWAY"",""PORTAL"",""OBJECT HANDLING"",""DESTROYER"",""IMPURITY""]"
22,23,294,"Yet rather than talking about ways to reach across the aisle on climate change or offering clear ideas on how to work with fossil fuel-heavy red states on reducing emissions, Governor Brown said Republicans had sole responsibility for shifting positions.",aisle,PATHWAY,PATHWAY,"[""PATHWAY"",""BARRIER"",""VEHICLE"",""LOW POINT"",""A RIGHT""]"
23,24,296,The BBC has come under fire from the chairman of an influential committee of M.P.’s for favoring climate change skeptics in its coverage.,come,MOVEMENT,MOVEMENT,"[""MOVEMENT"",""UPWARD MOVEMENT"",""VEHICLE"",""IMPURITY"",""MOVEMENT""]"
24,25,297,"Despite lots of talk on Capitol Hill about the hazards of fossil fuels, their contribution to climate change and the need for broad, long-term supports for the renewables industry, legislators have failed to reach agreement on what that might look like.",reach,GOAL DIRECTED,GOAL DIRECTED,"[""GOAL DIRECTED"",""UPWARD MOVEMENT"",""BACKWARD MOVEMENT"",""PHYSICAL HARM"",""LEADER""]"
25,26,299,The E.P.A. decision came in response to a petition from environmental groups to take action on climate change and was a reversal of the Clinton administration's policy on the matter.,came,MOVEMENT,MOVEMENT,"[""MOVEMENT"",""PHYSICAL LOCATION"",""CROP"",""SCIENCE"",""ENSLAVEMENT""]"
26,27,301,It also comes as the presidential candidates are being pressed by private environmental groups to add more detail to their positions on global warming.,comes,MOVEMENT,MOVEMENT,"[""MOVEMENT"",""PHYSICAL LOCATION"",""FORCEFUL EXTRACTION"",""FAMILY"",""OBESITY""]"
27,28,302,"The bill, which was expected to come to a vote before the State Senate as early as Tuesday evening, is the latest and perhaps most far-reaching accomplishment for a newly elected Democratic majority in Albany, including a coterie of new progressive lawmakers for whom fighting climate change is a top priority.",come,MOVEMENT,MOVEMENT,"[""MOVEMENT"",""PHYSICAL LOCATION"",""ABYSS"",""CONFINEMENT"",""HIGH LOCATION""]"
28,29,303,"If it keeps on warming, they’ll get nailed there too.",nailed,TOOL,TOOL,"[""TOOL"",""BUILDING"",""PORTAL"",""MAZE"",""WEAKNESS""]"
29,30,305,"Representative Fred Upton, a Michigan Republican who once called climate change “a serious problem” and co-sponsored a bill to promote energy-efficient light bulbs, tacked right after the 2010 elections as he battled to be chairman of the powerful House Energy and Commerce Committee against Joe Barton, a Texan who mocked human-caused climate change.",tacked,TOOL,TOOL,"[""TOOL"",""FABRIC"",""RULE ENFORCER"",""MOVEMENT"",""CONFINEMENT""]"
30,31,306,But Mr. Biden has resisted tacking left on climate change these past few weeks in the way he did recently when he endorsed Senator Warren’s bankruptcy plan.,tacking,TOOL,TOOL,"[""TOOL"",""CLOTHING"",""RULE ENFORCER"",""LOW POINT"",""STRUGGLE""]"
31,32,308,"Then, in August, the E.P.A. and the Transportation Department moved to gut another major federal effort to combat climate change by relaxing rules aimed at reducing car tailpipe pollution.",moved,MOVEMENT,MOVEMENT,"[""MOVEMENT"",""FORWARD MOVEMENT"",""COMPETITION"",""CONTAINER"",""VISION""]"
32,33,309,"In his rush to bulldoze President Obama’s accomplishments, Mr. Trump has withdrawn from the 12-nation Trans-Pacific Partnership trade agreement, leaving China with a freer hand to set trade rules in Asia; abandoned the hard-won 195-nation Paris Agreement to address climate change; and sowed grave doubts about his commitment to NATO, the bedrock alliance that has kept peace in Europe after World War II.",rush,MOVEMENT,MOVEMENT,"[""MOVEMENT"",""JOURNEY"",""CLOTHING"",""STRUGGLE"",""LOW POINT""]"
33,34,311,He surrendered his standing as an independent thinker in his rush to embrace Mr. Bush’s misbegotten tax policies and to abandon his leadership position on climate change and immigration reform.,rush,MOVEMENT,MOVEMENT,"[""MOVEMENT"",""JOURNEY"",""FORCEFUL EXTRACTION"",""MONSTER"",""PHYSICAL LOCATION""]"
34,35,355,"Just last week, President Barack Obama moved to raise fuel efficiency standards, and a landmark climate bill won passage through a key committee in the House of Representatives.",moved,MOVEMENT,MOVEMENT,"[""MOVEMENT"",""FORWARD MOVEMENT"",""JOURNEY"",""BUILDING"",""FAMILY""]"
35,36,313,"They need to apply the brakes to climate change, live up to past pledges on Africa and halt Iran’s rush to develop nuclear weapons technology.",rush,MOVEMENT,MOVEMENT,"[""MOVEMENT"",""VEHICLE"",""VISION"",""HAZARDOUS GEOGRAPHIC FEATURE"",""VEHICLE""]"
36,37,314,"The organizers of the march to the Bella Center, a group called Climate Justice Action, said they were pushing for radical measures to curb global warming in the final days of the conference.",pushing,OBJECT HANDLING,OBJECT HANDLING,"[""OBJECT HANDLING"",""PHYSICAL OBJECT"",""TEMPERATURE"",""COMPETITION"",""A RIGHT""]"
37,38,317,"Vehicles in Europe would have to reduce carbon dioxide emissions by almost a third by 2030 under proposals unveiled on Wednesday by regulators in Brussels, who were immediately criticized for not doing enough to combat global warming and for succumbing to pressure from Germany and its powerful auto lobby.",lobby,BUILDING,BUILDING,"[""BUILDING"",""SHAPE"",""DISEASE"",""BODY OF WATER"",""MEDICINE""]"
38,39,318,"A New Divestment Focus on Campus: Fossil FuelsEchoing earlier drives to sell stocks with ties to South Africa or tobacco, a student push to use investment choice to fight climate change has gained traction.",drives,MOVEMENT,MOVEMENT,"[""MOVEMENT"",""VEHICLE"",""FAMILY"",""DARKNESS"",""GIFT""]"
39,40,319,"At global warming talks, OPEC pushed for compensation if efforts to cut emissions of heat-trapping gases result in less oil use.",pushed,OBJECT HANDLING,OBJECT HANDLING,"[""OBJECT HANDLING"",""MOVEMENT"",""CROP"",""SERVANT"",""DISEASE""]"
40,41,320,"–  In Congress, Senate Republicans took the first steps to avert a government shutdown, scheduling a vote on a temporary spending plan, while Senate Democrats offered a climate change bill that had no chance of passing but that they said would push for policies that could help them in 2016.",push,OBJECT HANDLING,OBJECT HANDLING,"[""OBJECT HANDLING"",""PHYSICAL OBJECT"",""DELICACY"",""GEOGRAPHIC FEATURE"",""HAZARDOUS GEOGRAPHIC FEATURE""]"
41,42,322,"New York City officials, evoking an apocalyptic vision of Manhattan's tunnels flooded and Kennedy Airport under water, joined a federal suit brought yesterday by New York and seven other states against five of the country's largest power companies in an effort to curb global warming.",vision,VISION,VISION,"[""VISION"",""LIGHT"",""FURNISHINGS"",""ENSLAVEMENT"",""DOWNWARD MOVEMENT""]"
42,43,323,"It offered a frightening vision of the many dangers this country faces — global warming, nuclear proliferation, terrorism — and how much its position has been weakened “by too much unilateralism and too little cooperation.”",vision,VISION,VISION,"[""VISION"",""LIGHT"",""RESOURCE"",""BLOOD STREAM"",""POSITION AND CHANGE OF POSITION ON A SCALE""]"
43,44,324,Those developments are helping shoot-the-moon visions on the left — like “Medicare for all” or a “Green New Deal” to halt climate change with massive public investment — find firmer footing on political ground.,visions,VISION,VISION,"[""VISION"",""STORY"",""COMPETITION"",""WAR"",""ENSLAVEMENT""]"
44,45,325,"One challenge about the coverage is that many people may have a sense that the story line is somewhat fixed – they believe climate change is a problem, or perhaps they don’t.",sense,VISION,VISION,"[""VISION"",""SCIENCE"",""GOAL DIRECTED"",""MONSTER"",""PLANT""]"
45,46,327,"Bill Wasik, deputy editor: “For our special issue on the economic dimension of climate change, Pablo Delcan dreamed up this darkly comic illustration — a collage of multicolored price stickers, adding up to an impressionistic vision of the earth on fire.”",vision,VISION,VISION,"[""VISION"",""LIGHT"",""GAME"",""EMOTION EXPERIENCER"",""MORAL DUTY""]"
46,47,330,"“The interesting thing with climate change, I find, is that positioning on climate change is strikingly predictable based on someone’s political leanings.”",find,VISION,NO METAPHOR,"[""VISION"",""PHYSICAL LOCATION"",""COMPETITION"",""RULE ENFORCER"",""PLIABILITY""]"
47,48,331,It was on display again this fall as he and the chamber found themselves in a maelstrom over climate change policy after a number of member companies noisily resigned in protest over the chamber’s hostile stance on climate legislation.,found,VISION,VISION,"[""VISION"",""PHYSICAL LOCATION"",""MEDICINE"",""STORY"",""BUSINESS""]"
48,49,334,WASHINGTON — Days after introducing her Green New Deal — a plan to combat climate change that has won the endorsement of several Democratic presidential candidates — Representative Alexandria Ocasio-Cortez found the proposal enmeshed in confusion when her staff published a summary that included provisions not endorsed by the candidates.,found,VISION,VISION,"[""VISION"",""PHYSICAL LOCATION"",""FORWARD MOVEMENT"",""HUMAN BODY"",""ADDICTION""]"
49,50,337,A poll conducted by environmental groups in early primary states found that 84 percent of likely Democratic voters ranked acting on climate change and moving the United States fully to clean energy as essential or very important.,found,VISION,NO METAPHOR,"[""VISION"",""PHYSICAL LOCATION"",""PLIABILITY"",""PROTECTION"",""PHYSICAL BURDEN""]"
0,51,522,"While the developed world has criticized India for not doing enough in the battle against global warming, developing countries like China and Brazil have found themselves on India’s side of the debate, asking the developed nations to commit to more cuts instead.",found,VISION,VISION,"[""VISION"",""PHYSICAL LOCATION"",""PHYSICAL OBJECT"",""MAZE"",""WAR""]"
1,52,551,NYT » | More Oil Companies Could Join Exxon Mobil as Focus of Climate InvestigationsBoeing to Pay $57 Million to Settle Suit Over Retirement Plan  |,Settle,MOVEMENT,MOVEMENT,"[""MOVEMENT"",""WEAKNESS"",""DELICACY"",""BODY OF WATER"",""LEADER""]"
2,53,482,NYT » | More Oil Companies Could Join Exxon Mobil as Focus of Climate InvestigationsBoeing to Pay $57 Million to Settle Suit Over Retirement Plan  |,Settle,MOVEMENT,MOVEMENT,"[""MOVEMENT"",""WEAKNESS"",""FABRIC"",""FURNISHINGS"",""PHYSICAL LOCATION""]"
3,54,507,NYT » | More Oil Companies Could Join Exxon Mobil as Focus of Climate InvestigationsBoeing to Pay $57 Million to Settle Suit Over Retirement Plan  |,Settle,MOVEMENT,MOVEMENT,"[""MOVEMENT"",""WEAKNESS"",""PHYSICAL OBJECT"",""FORWARD MOVEMENT"",""PROTECTION""]"
4,55,496,NYT » | More Oil Companies Could Join Exxon Mobil as Focus of Climate InvestigationsBoeing to Pay $57 Million to Settle Suit Over Retirement Plan  |,Settle,MOVEMENT,MOVEMENT,"[""MOVEMENT"",""WEAKNESS"",""FABRIC"",""PHYSICAL OBJECT"",""DARKNESS""]"
5,56,473,NYT » | More Oil Companies Could Join Exxon Mobil as Focus of Climate InvestigationsBoeing to Pay $57 Million to Settle Suit Over Retirement Plan  |,Settle,MOVEMENT,MOVEMENT,"[""MOVEMENT"",""WEAKNESS"",""PLANT"",""PROTECTION"",""MEDICINE""]"
6,57,485,"And let’s pick our heads up to face what might be the great security issue of our time, climate change and disruption.",pick,OBJECT HANDLING,OBJECT HANDLING,"[""OBJECT HANDLING"",""CONTAINER"",""CLOTHING"",""CONFINEMENT"",""JOURNEY""]"
7,58,501,The coniferous forests of western North America are currently experiencing massive tree mortality because climate change has tipped the balance in favor of native bark beetles.,tipped,OBJECT HANDLING,OBJECT HANDLING,"[""OBJECT HANDLING"",""MOVEMENT"",""PATHWAY"",""SIZE"",""DOWNWARD MOVEMENT""]"
8,59,472,Big trees are on the front lines of climate change.,lines,WAR,WAR,"[""WAR"",""BATTLE"",""HIGH LOCATION"",""SERVANT"",""BATTLE""]"
9,60,498,"But he understands that they are on the front line of climate change, perhaps more so than any other type of athlete.",line,WAR,WAR,"[""WAR"",""BATTLE"",""LOW LOCATION"",""SERVANT"",""BLOOD STREAM""]"
10,61,480,"Our geography gives us year-round sun and beautiful beaches, but more and more in the age of climate change, we are on the front line of destruction.",line,WAR,WAR,"[""WAR"",""BATTLE"",""FACTORY"",""MACHINE"",""CONTAMINATION""]"
11,62,490,"But there is some good news to report — and it’s coming from the world’s forests, a critical front line in the effort to slow climate change and conserve biodiversity.",line,WAR,WAR,"[""WAR"",""BATTLE"",""MOVEMENT"",""FACTORY"",""ABYSS""]"
12,63,479,"Hawaii is on the front lines of climate change, so much so that in September, President Barack Obama used it as the base from which to discuss his legacy on the issue, as well as the continued threat from rising seas, extreme weather and other byproducts of a warming planet.",lines,WAR,WAR,"[""WAR"",""BATTLE"",""VISION"",""DARKNESS"",""STRUGGLE""]"
13,64,483,"And American governors, mayors and business leaders have forged their own coalition, even taking over the United States pavilion at United Nations climate talks in Bonn, Germany, this week.",forged,FACTORY,FACTORY,"[""FACTORY"",""FABRIC"",""DESIRE"",""PHYSICAL LOCATION"",""INSANITY""]"
14,65,495,"David Waskow, an expert on climate change negotiations with the World Resources Institute, a research organization in Washington, said: “This continues the momentum and really builds on what they did with the announcement in China.",builds,BUILDING,BUILDING,"[""BUILDING"",""RESOURCE"",""FORWARD MOVEMENT"",""EMOTION EXPERIENCER"",""CONFINEMENT""]"
15,66,478,"He built the piece around President Obama’s heartfelt reaction and response to the Connecticut elementary school massacre and, followed by Joe Romm, noted the lack of any such response from the president or society on the greenhouse buildup despite the risk posed by human-driven climate change.",built,BUILDING,BUILDING,"[""BUILDING"",""BUSINESS"",""SCIENCE"",""LIFE STAGE"",""GAP""]"
16,67,518,"This is an agreement built firmly on science, but also on the hope that the enthusiasm generated in Paris will translate into concrete measures across the globe that will, in fact, prevent the worst consequences of climate change.",built,BUILDING,BUILDING,"[""BUILDING"",""BUSINESS"",""DARKNESS"",""DESIRE"",""CROP""]"
17,68,506,"That sentiment, he said, was built among conservatives during the Clinton and George W. Bush administrations, and exploded during the Obama presidency, with climate change denial becoming a kind of litmus test for conservatism.",built,BUILDING,BUILDING,"[""BUILDING"",""BUSINESS"",""ABYSS"",""MEDICINE"",""HIGH LOCATION""]"
18,69,521,"Because Mrs. Clinton has yet to give a major speech on climate change,  her campaign views Mr. Clinton’s highly visible work on the matter as a political plus.",views,VISION,VISION,"[""VISION"",""GOAL DIRECTED"",""STAGE"",""MOVEMENT"",""FORCEFUL EXTRACTION""]"
19,70,529,"On the Internet  you’ll find sites like exxonsecrets.org, which is maintained by Greenpeace, and takes as its premise the notion that Exxon Mobil is at the heart of a vast conspiracy to sow doubt about global warming, and there’s Exxpose Exxon, a group set up by a coalition of environmental groups to put pressure on the company.",takes,OBJECT HANDLING,OBJECT HANDLING,"[""OBJECT HANDLING"",""PHYSICAL OBJECT"",""AVERSION"",""PATHWAY"",""CROP""]"
20,71,484,"His e-book, “Convenient Action,” published in 2011 when he was chief minister of Gujarat, “frames action on climate change as a moral duty,” according to The Guardian’s Suzanne Goldenberg.",frames,BUILDING,BUILDING,"[""BUILDING"",""OBJECT HANDLING"",""ADDICTION"",""WAR"",""PATHWAY""]"
21,72,561,"Germany, which has long cast itself as a global leader in the fight against climate change, is facing a moment of reckoning.",cast,FURNISHINGS,FURNISHINGS,"[""FURNISHINGS"",""STORY"",""NATURAL PHYSICAL FORCE"",""LOW POINT"",""CONTAINER""]"
22,73,508,"He intimates that, realistically, it is too late for fundamental changes that would halt global warming to be put into practice within what he sees as a 10-year deadline.",sees,VISION,VISION,"[""VISION"",""GOAL DIRECTED"",""UPWARD MOVEMENT"",""EMOTION EXPERIENCER"",""MOVEMENT""]"
23,74,486,He has said that ignoring climate change is a gross negligence by the government and he has shown interest in rebuilding education in the state and making public college tuition free for many.,making,FACTORY,FACTORY,"[""FACTORY"",""BUILDING"",""VEHICLE"",""INSANITY"",""BARRIER""]"
24,75,511,"Mr. Biden’s plan, she said, “will set a clear path to a stronger, more inclusive middle class and create a competitive U.S. economy that rebuilds our infrastructure, makes us the world’s exporter of green technology and stops the worst impacts of climate change that would devastate agriculture, manufacturing and other industries across the country.”",makes,FACTORY,NO METAPHOR,"[""FACTORY"",""FABRIC"",""STAGE"",""WAR"",""ABYSS""]"
25,76,477,"And if you are worried about once and for all taking on global warming, making it clear that we will end the unfunded mandate known as No Child Left Behind, that we will make college affordable again, that we will be once again the country of values and ideals that we cherish so much, then, please, join me in this campaign.",making,FACTORY,FACTORY,"[""FACTORY"",""BUILDING"",""ABYSS"",""FACTORY"",""TOOL""]"
26,77,540,"No, the only way for you, Mr. President, to salvage any legacy is to get back in touch with your green Texas roots and devote the rest of your term to REALLY ending America’s oil addiction, liberating us from dependence on petro-authoritarian regimes and making America the leader in renewable energies that combat climate change.",making,FACTORY,FACTORY,"[""FACTORY"",""BUILDING"",""MAZE"",""WEAKNESS"",""BLOOD STREAM""]"
27,78,474,"She talked about addressing climate change more vigorously, and making what she called “the largest federal investment in closing the teacher pay gap.”",making,FACTORY,FACTORY,"[""FACTORY"",""BUILDING"",""STRENGTH"",""NATURAL PHYSICAL FORCE"",""BARRIER""]"
28,79,487,"Yet rather than talking about ways to reach across the aisle on climate change or offering clear ideas on how to work with fossil fuel-heavy red states on reducing emissions, Governor Brown said Republicans had sole responsibility for shifting positions.",shifting,MOVEMENT,MOVEMENT,"[""MOVEMENT"",""RESOURCE"",""STORY"",""CONFINEMENT"",""NATURAL PHYSICAL FORCE""]"
29,80,500,"There is the candidate who vowed to repeal the Affordable Care Act, deport all undocumented immigrants, rollback financial regulations, undo the Iran nuclear deal and repudiate the Paris agreement on climate change.",rollback,BACKWARD MOVEMENT,BACKWARD MOVEMENT,"[""BACKWARD MOVEMENT"",""DOWNWARD MOVEMENT"",""BODY OF WATER"",""PATHWAY"",""SHAPE""]"
30,81,559,"Though Mr. Rudd’s approval ratings remain strong, recent polls have suggested that climate change is becoming less important to an electorate that has shifted its focus to education and health care reform, skyrocketing housing costs and immigration.",shifted,MOVEMENT,MOVEMENT,"[""MOVEMENT"",""RESOURCE"",""POSITION AND CHANGE OF POSITION ON A SCALE"",""DESIRE"",""RESOURCE""]"
31,82,489,"The Valley lined up heavily against Proposition 23, which would have rolled back California’s landmark climate change law and thus hampered the booming clean-tech industry  —  and the measure lost in a landslide.",rolled,MOVEMENT,MOVEMENT,"[""MOVEMENT"",""OBJECT HANDLING"",""LIFE STAGE"",""OBESITY"",""ADDICTION""]"
32,83,470,"Beyond this pragmatic concern, to manipulate your patient in this way robs her of her dignity (if there can be dignity on an exercise bike) and treats her as less than an adult.",robs,CRIME,CRIME,"[""RAT"",""ANIMAL"",""SIGN, SIGNAL, SYMBOL"",""CRIME"",""PERSON""]"
33,84,502,"In particular, he warned against falling back on simplistic assumptions that “greenery” remained a luxury for good economic times and that countries would put climate change and energy security concerns on hold “while they throw the kitchen sink” at rising unemployment.",throw,OBJECT HANDLING,OBJECT HANDLING,"[""OBJECT HANDLING"",""PHYSICAL OBJECT"",""ABYSS"",""TOOL"",""INSANITY""]"
34,85,491,"WASHINGTON, Jan. 2—                     Even as a proposed treaty on global warming faces an uncertain future in the Senate, big companies are maneuvering to push through legislation giving them valuable credits for early actions to control the waste gases that the binding treaty would strictly limit.",push,OBJECT HANDLING,OBJECT HANDLING,"[""OBJECT HANDLING"",""PHYSICAL OBJECT"",""PATHWAY"",""RACE"",""FACTORY""]"
35,86,476,"Joe Romm draws our attention to the third slice of the latest IPCC report on climate change, on the costs of mitigation; the panel finds that these costs aren’t that big — a few percent of GDP even by the end of the century, which means only a trivial hit to the growth rate.",draws,OBJECT HANDLING,OBJECT HANDLING,"[""OBJECT HANDLING"",""PHYSICAL OBJECT"",""WEATHER"",""SERVANT"",""CROP""]"
36,87,494,"‘BEFORE THE FLOOD’ (No rating, 1:36) Leonardo DiCaprio, a champion of environmental causes, draws attention to climate change in this documentary, though much of the ground he covers will already be familiar to anyone who has watched a nature program or the evening news on TV.",draws,OBJECT HANDLING,OBJECT HANDLING,"[""OBJECT HANDLING"",""PHYSICAL OBJECT"",""PROTECTION"",""LIGHT"",""INSANITY""]"
37,88,516,"Mr. Fridman and RWE made concessions to try to push the deal through, but the British Department of Energy and Climate Change said in a statement on Saturday that these steps did not “adequately and surely alleviate” the concerns of the energy minister, Edward Davey, about the effect that possible future sanctions might have on the operations of the British fields.",push,OBJECT HANDLING,OBJECT HANDLING,"[""OBJECT HANDLING"",""PHYSICAL OBJECT"",""PROTECTION"",""RESOURCE"",""GAME""]"
38,89,504,"Which suggests that in this most toxic of election seasons, when there seems not a single issue that can unite blue and red staters (or at least the politicians thereof), global warming could turn out to be just the thing to bring us all together.",bring,OBJECT HANDLING,OBJECT HANDLING,"[""OBJECT HANDLING"",""MOVEMENT"",""HIGH LOCATION"",""BATTLE"",""WEATHER""]"
39,90,523,"Sponsored by NBC Learn, the educational arm of NBC News; the National Science Foundation; and Discover magazine, the meeting brings together more than 100 students with Rajendra K. Pachauri, who heads the Yale Climate and Energy Institute; Billy Parish, a founder of the Energy Action Coalition, a youth advocacy organization working on climate change issues; Katharine Hayhoe, a research associate professor of geosciences at Texas Tech University; and Linda J. Fisher, vice president for safety, health and environment at DuPont.",brings,OBJECT HANDLING,OBJECT HANDLING,"[""OBJECT HANDLING"",""CONTAINER"",""TOOL"",""FABRIC"",""SCIENCE""]"
40,91,475,"Todd Stern, the United States’ special envoy for climate change and the lead negotiator at the talks here, said that the Rio conference brought together the critical players who could broaden the discussion beyond the rich country-poor country dialogue that had grown tedious.",brought,OBJECT HANDLING,OBJECT HANDLING,"[""OBJECT HANDLING"",""CONTAINER"",""EMOTION EXPERIENCER"",""PHYSICAL HARM"",""DESTROYER""]"
41,92,543,"Whether it is restoring the Constitution to the American people, standing up to this President to end this war, or starting the discussion about what it will really take to tackle global warming and bring the country together, we stand confident that the difference we made in this race will endure longer than any speech, any election or any political campaign.",bring,OBJECT HANDLING,OBJECT HANDLING,"[""OBJECT HANDLING"",""MOVEMENT"",""PROTECTION"",""OBESITY"",""STORY""]"
42,93,513,"And when taken together with the administration’s other initiatives, chiefly the fuel efficiency standards for cars and trucks, it reinforces Mr. Obama’s credibility and leverage with other nations heading into the United Nations climate change conference in Paris in December.",taken,OBJECT HANDLING,OBJECT HANDLING,"[""OBJECT HANDLING"",""RESOURCE"",""PHYSICAL HARM"",""TOOL"",""GIFT""]"
43,94,505,"The verdict will hang on whether we put in place policies that will drive the development and deployment of clean technologies, re-energize our economies, and tackle global climate change.",hang,BUILDING,BUILDING,"[""BUILDING"",""OBJECT HANDLING"",""STAGE"",""CONTAINER"",""LIFE STAGE""]"
44,95,471,"I welcome your thoughts on any of these issues, and in particular to this question: How seriously should you take advice from greens who hang on to their suspicions of nuclear power while arguing that climate change requires a revolution in the way we think and live?",hang,BUILDING,BUILDING,"[""BUILDING"",""SHAPE"",""SCHISM"",""ADDICTION"",""DISEASE""]"
45,96,481,"The W.T.O. has ordered countries to gut programs that encouraged renewable energy and laws that protected workers from unfair foreign competition, as if international commerce were more important than climate change and workers’ rights.",gut,HUMAN BODY,HUMAN BODY,"[""HUMAN BODY"",""ANIMAL"",""MACHINE"",""FOOD"",""A GOD""]"
46,97,493,"Even if Mr. Trump ultimately fails to gut Mr. Obama’s climate change rules, he could ensure that their enforcement is delayed through his term, as lawsuits wind their way through the courts.",gut,HUMAN BODY,HUMAN BODY,"[""HUMAN BODY"",""FURNISHINGS"",""CRIME"",""HIGH POINT"",""GOAL DIRECTED""]"
47,98,509,British officials told the newspaper The Observer that Mr. Bush would “make a historic shift in his position on global warming.”,shift,MOVEMENT,MOVEMENT,"[""MOVEMENT"",""RESOURCE"",""FORWARD MOVEMENT"",""HUMAN BODY"",""GOAL DIRECTED""]"
48,99,492,"Slowing the pace of climate change could help, but the bears cannot wait for radical shifts in public policy.",shifts,MOVEMENT,MOVEMENT,"[""MOVEMENT"",""RESOURCE"",""BODY OF WATER"",""A GOD"",""OBESITY""]"
49,100,497,"“Legitimacy has shifted to the side of the climate skeptics, and that is a big, big problem,” Ben Stewart, a spokesman for Greenpeace, said at the meeting of environmentalists here.",shifted,MOVEMENT,MOVEMENT,"[""MOVEMENT"",""UPWARD MOVEMENT"",""MAGIC"",""THEFT"",""INSANITY""]"
0,101,677,"The emergence of climate change as an issue dividing Republicans shows just how far the discussion has shifted since 1997, when the Senate voted, 95 to 0, to oppose any international climate treaty that could hurt the American economy or excused China from responsibilities.",shifted,MOVEMENT,MOVEMENT,"[""MOVEMENT"",""UPWARD MOVEMENT"",""FURNISHINGS"",""CRIME"",""MORAL DUTY""]"
1,102,708,The divergent costumes of the women signal lifestyle shifts that now confront the Apa Tani just as climate change heightens the challenges facing their Himalayan paddy paradise.,shifts,MOVEMENT,MOVEMENT,"[""MOVEMENT"",""RESOURCE"",""BUILDING"",""DARKNESS"",""PHYSICAL BURDEN""]"
2,103,695,"DAVOS, Switzerland, Jan. 28 — Here in the Swiss mountains at the World Economic Forum, the annual conclave of world leaders, concerns over a growing digital divide this year have taken a back seat to the challenge of climate change.",seat,FURNISHINGS,FURNISHINGS,"[""FURNISHINGS"",""CONTAINER"",""PHYSICAL LOCATION"",""DESIRE"",""SHAPE""]"
3,104,700,"He added, “The federal government’s willing suspension of belief when it comes to global climate change has left it to the states to stand up and force action.”",stand,OBJECT HANDLING,MOVEMENT,"[""OBJECT HANDLING"",""MOVEMENT"",""ACCIDENT"",""FAMILY"",""BATTLE""]"
4,105,733,President Xi Jinping has promised that China will take a “driving seat” in responding to climate change.,seat,FURNISHINGS,FURNISHINGS,"[""FURNISHINGS"",""VEHICLE"",""MAGIC"",""PLIABILITY"",""PROTECTION""]"
5,106,713,Many fear climate change will take a back seat to getting the global economy back on track after the coronavirus pandemic.,seat,FURNISHINGS,FURNISHINGS,"[""FURNISHINGS"",""CONFINEMENT"",""STORY"",""FIRE"",""FOOD""]"
6,107,672,"During his first term, climate change took a back seat to the financial crisis, and then to his decision to push health care reform.",seat,FURNISHINGS,FURNISHINGS,"[""FURNISHINGS"",""VEHICLE"",""BUILDING"",""BODY OF WATER"",""STRENGTH""]"
7,108,707,"Addressing catastrophes like climate change, mass terrorist attacks and refugee crises may be beyond our reach unless we come to terms with how our minds perform the arithmetic of compassion.",come,MOVEMENT,MOVEMENT,"[""MOVEMENT"",""LIFE STAGE"",""STAGE"",""CROP"",""ACCIDENT""]"
8,109,709,"As the nation struggles to come to terms with greenhouse gas emissions, climate change and mining’s environmental toll, Mr. Murray stands at the center of the economic, social and political debate.",come,MOVEMENT,MOVEMENT,"[""MOVEMENT"",""OBJECT HANDLING"",""BUILDING"",""WAR"",""MONSTER""]"
9,110,719,"This last point is by far the most important because it is where science reporting stops being the ''gee whiz'' leavening in a heavy loaf of serious news reports and starts helping readers or listeners or viewers come to their own conclusions about the increasing number of issues -- global warming, reproductive rights, missile technology -- that hinge on science.",come,MOVEMENT,MOVEMENT,"[""MOVEMENT"",""OBJECT HANDLING"",""MAZE"",""FORCEFUL EXTRACTION"",""BARRIER""]"
10,111,687,"The inspector general’s report, however, was unable to come to a conclusion because Solomon’s description of advice she received on providing files related to the climate panel lay in the arena of “she says, he says,” with little sign of a route forward.",come,MOVEMENT,MOVEMENT,"[""MOVEMENT"",""OBJECT HANDLING"",""FAMILY"",""CONTAINER"",""CONTAMINATION""]"
11,112,726,"Global warming, come to think of it, may offer the best metaphor for understanding the conservative ascent.",come,MOVEMENT,MOVEMENT,"[""MOVEMENT"",""OBJECT HANDLING"",""TOOL"",""STRUGGLE"",""PROTECTION""]"
12,113,688,"Neither of those, came to pass, however, and with Republicans signaling that issues like climate change will not be driving the energy agenda in the new Congress, it appears unlikely that such measures will be explored again anytime soon.",signaling,MOVEMENT,LIGHT,"[""MOVEMENT"",""VEHICLE"",""FIRE"",""MORAL DUTY"",""WEATHER""]"
13,114,671,THEY ARE SERIOUS ABOUT CLIMATE CHANGE President Obama’s budget makes clear that he wants to address the problem of global climate change.,makes,BUILDING,NO METAPHOR,"[""BUILDING"",""FACTORY"",""ADDICTION"",""CRIME"",""FIRE""]"
14,115,690,"Whitman seems to intend to remain a player, and so makes clear on matters like regulation and global warming where she disagreed with administration policy while remaining loyal to the president who appointed her.",makes,FACTORY,FACTORY,"[""FACTORY"",""BUSINESS"",""HIGH LOCATION"",""ABYSS"",""STRUGGLE""]"
15,116,686,"The Reagan administration fought hard against environmental protections of any kind; the Bush administration made rhetorical gestures but John Sununu, George H.W. Bush’s chief of staff, did not believe in anthropogenic climate change and fought the scientists hard, and ultimately successfully.",gestures,MOVEMENT,MOVEMENT,"[""MOVEMENT"",""JOURNEY"",""BLOOD STREAM"",""TEMPERATURE"",""BACKWARD MOVEMENT""]"
16,117,703,He has signaled he will withdraw the United States from the Paris climate agreement.,signaled,MOVEMENT,LIGHT,"[""MOVEMENT"",""LIGHT"",""PHYSICAL OBJECT"",""DESTROYER"",""LIFE STAGE""]"
17,118,723,Mr. Podesta argued that while Mr. Trump has sought to turn climate change into a “culture war issue of the elite versus regular people” — by linking Mr. Biden to aggressive policy proposals like the Green New Deal — that has backfired in the face of the raging wildfires.,versus,STRUGGLE,COMPETITION,"[""STRUGGLE"",""COMPETITION"",""COMPETITION"",""BUSINESS"",""PLIABILITY""]"
18,119,694,"Leaving a vacancy on the nation’s highest court for an entire year could result in legal gridlock, especially given that the court is expected to rule on politically charged cases involving climate change, labor rights and legal challenges to the Affordable Care Act.",challenges,STRUGGLE,STRUGGLE,"[""STRUGGLE"",""COMPETITION"",""SCHISM"",""PORTAL"",""BUILDING""]"
19,120,716,"WASHINGTON, Dec. 6—                     If the Clinton Administration is struggling to strike a deal on global warming at talks in Kyoto, Japan, that is partly because warring domestic interest groups have spent many months -- and millions of dollars -- on highly effective lobbying campaigns designed to limit the White House's options.",struggling,STRUGGLE,STRUGGLE,"[""STRUGGLE"",""COMPETITION"",""JOURNEY"",""GAP"",""BATTLE""]"
20,121,706,"Less than a week after Mr. McConnell’s op-ed article citing Mr. Tribe, Mr. McConnell’s friend and fellow Republican, Representative Ed Whitfield of Kentucky, was the chairman of a House hearing designed to highlight the legal challenges to the climate change law.",challenges,STRUGGLE,STRUGGLE,"[""STRUGGLE"",""COMPETITION"",""UPWARD MOVEMENT"",""GEOGRAPHIC FEATURE"",""HIGH LOCATION""]"
21,122,739,"The fight over the Keystone XL has largely been portrayed as one about climate change, in which environmental groups like the National Wildlife Federation and 350.org are pitted against the fossil-fuel industry.",pitted,STRUGGLE,COMPETITION,"[""STRUGGLE"",""COMPETITION"",""ABYSS"",""IMPURITY"",""TEMPERATURE""]"
22,123,727,Mr. DiNapoli said the fund would drop stocks that do not meet new standards requiring them to show “future ability to provide investment returns in light of the global consensus on climate change.”,meet,GOAL DIRECTED,GOAL DIRECTED,"[""GOAL DIRECTED"",""RULE ENFORCER"",""WEATHER"",""MORAL DUTY"",""DARKNESS""]"
23,124,675,"The White House expressed its opposition to the Democratic energy bills, saying they did not meet their stated goals of reducing oil imports, strengthening national security, lowering energy prices and beginning to address global warming.",meet,GOAL DIRECTED,GOAL DIRECTED,"[""GOAL DIRECTED"",""POSITION AND CHANGE OF POSITION ON A SCALE"",""CONFINEMENT"",""WAR"",""RACE""]"
24,125,685,The article cited experts who claimed that policy rollbacks by the Trump administration “would make it impossible for the United States to meet Mr. Obama’s commitments under the 2015 Paris Agreement” on climate change.,meet,GOAL DIRECTED,GOAL DIRECTED,"[""GOAL DIRECTED"",""RULE ENFORCER"",""DARKNESS"",""MAZE"",""STRENGTH""]"
25,126,673,"But no such filtration technology exists for global warming gases; automakers say that they would have to increase their average fuel economy in the state by 35 to 50 percent within 11 years to meet the standard, a pace not seen since the United States first started regulating fuel economy in the 1970's.",meet,GOAL DIRECTED,GOAL DIRECTED,"[""GOAL DIRECTED"",""RULE ENFORCER"",""ADDICTION"",""LIGHT"",""EMOTION EXPERIENCER""]"
26,127,681,"But some managers are hinting that the European Union should do the industry a favor and ease draconian penalties on carmakers that do not meet strict limits on carbon dioxide emissions, a cause of climate change.",meet,GOAL DIRECTED,GOAL DIRECTED,"[""GOAL DIRECTED"",""POSITION AND CHANGE OF POSITION ON A SCALE"",""HUMAN BODY"",""BUILDING"",""GAP""]"
27,128,721,"“We’re the most profitable company in the history of the planet, but what will be our long-term health when we are really faced with the regulatory and other challenges around global warming?”",faced,HUMAN BODY,HUMAN BODY,"[""HUMAN BODY"",""CONFINEMENT"",""POSITION AND CHANGE OF POSITION ON A SCALE"",""HAZARDOUS GEOGRAPHIC FEATURE"",""THEFT""]"
28,129,696,"As the term proceeds, the court will also have its say in its first brush with the issue of global climate change.",brush,TOOL,TOOL,"[""TOOL"",""GAME"",""BODY OF WATER"",""THEFT"",""SERVANT""]"
29,130,725,"A, we’re having extreme climate change; B, we’re having floods; C, we’re having refugees; and D, we’re actually facing the extinction of animals on our planet, and then hanging over us is the perpetual warfare.",facing,HUMAN BODY,HUMAN BODY,"[""HUMAN BODY"",""CONFINEMENT"",""PHYSICAL OBJECT"",""CONTAINER"",""THEFT""]"
30,131,729,"JOEL GORDES, an energy consultant, believes that Connecticut's multibillion-dollar insurance industry has a choice: face possible financial ruin from losses due to more frequent and severe storms, droughts and wildfires or commit some of the industry's considerable resources to efforts to stem global warming.",face,HUMAN BODY,HUMAN BODY,"[""HUMAN BODY"",""CONFINEMENT"",""IMPURITY"",""MORAL DUTY"",""MEDICINE""]"
31,132,679,"The pressure to save her country’s international reputation comes as Ms. Merkel faces an unexpectedly strong challenge from the far-right Alternative for Germany, or AfD, the leading opposition party, which has questioned Germany’s national consensus on the role humans play in contributing to climate change.",faces,HUMAN BODY,HUMAN BODY,"[""HUMAN BODY"",""CONFINEMENT"",""FORCEFUL EXTRACTION"",""HUMAN BODY"",""PHYSICAL HARM""]"
32,133,678,"Most important, coal plants are responsible for nearly 40 percent of the carbon dioxide released in the United States, meaning that if we're going to get a handle on global warming, we'll have to get a <HIGHLIGHT>handle</HIGHLIGHT> on coal.",handle,OBJECT HANDLING,OBJECT HANDLING,"[""OBJECT HANDLING"",""CONTAINER"",""GEOGRAPHIC FEATURE"",""BACKWARD MOVEMENT"",""OBJECT HANDLING""]"
33,134,691,"Most important, coal plants are responsible for nearly 40 percent of the carbon dioxide released in the United States, meaning that if we're going to get a handle on global warming, we'll have to get a <HIGHLIGHT>handle</HIGHLIGHT> on coal.",handle,OBJECT HANDLING,OBJECT HANDLING,"[""OBJECT HANDLING"",""CONTAINER"",""CONFINEMENT"",""STAGE"",""FACTORY""]"
34,135,722,"Mr. Podesta argued that for the time being, it was fine for Democrats to focus on drawing contrasts to Mr. Trump’s history of climate change denial.",drawing,VISION,VISION,"[""VISION"",""STORY"",""OBESITY"",""RULE ENFORCER"",""FACTORY""]"
35,136,699,"Mr. Biden and the Democrats spent the week prosecuting arguments against him on Covid-19, unemployment, health care, child care, climate change, foreign policy and his fundamental fitness for the presidency — attacks that only presaged a fall campaign that, even when it features Mr. Biden, will be aimed entirely at drawing contrasts with Mr. Trump.",drawing,VISION,VISION,"[""VISION"",""STORY"",""FORCEFUL EXTRACTION"",""MONSTER"",""STRENGTH""]"
36,137,680,Wei:  I would draw a parallel between the carbon and climate predicament with cigarettes.,draw,VISION,VISION,"[""VISION"",""PHYSICAL LOCATION"",""PHYSICAL LOCATION"",""CRIME"",""HAZARDOUS GEOGRAPHIC FEATURE""]"
37,138,730,The remote regions I draw are the keystones of climate change but are inaccessible to most people.,draw,VISION,VISION,"[""VISION"",""STORY"",""ENERGY"",""AVERSION"",""FOOD""]"
38,139,682,"While the president has committed to putting forth aggressive rules aimed at tackling climate change, which he sees as a legacy issue, he has said almost nothing about the smog rule.",forth,MOVEMENT,MOVEMENT,"[""MOVEMENT"",""ENERGY"",""PORTAL"",""PATHWAY"",""ENSLAVEMENT""]"
39,140,731,"Despite that, Democrats see fighting climate change as a winning issue on the campaign trail — a way to mobilize not only young voters but also progressives, who are increasingly talking about the environment in terms of economic and social justice, given the outsize effect pollution has on minority communities.",mobilize,MOVEMENT,MOVEMENT,"[""MOVEMENT"",""VEHICLE"",""BACKWARD MOVEMENT"",""CONFINEMENT"",""MACHINE""]"
40,141,702,The strength of the American position at the talks lies in the enactment of the emission-curbing E.P.A. rule — the first major climate change policy put forth by the United States.,forth,MOVEMENT,MOVEMENT,"[""MOVEMENT"",""RESOURCE"",""ACCIDENT"",""HUMAN BODY"",""PHYSICAL LOCATION""]"
41,142,674,"“Obviously, we hope other major economies will put forth ambitious action plans of their own,” Carol M. Browner, the president’s senior adviser for energy and climate change, said at a White House briefing on Wednesday morning.",forth,MOVEMENT,MOVEMENT,"[""MOVEMENT"",""ENERGY"",""DISEASE"",""LOW LOCATION"",""FURNISHINGS""]"
42,143,692,"Several other candidates, including Mr. Sanders and Senators Kamala Harris of California, Kirsten Gillibrand of New York and Cory Booker of New Jersey, have formally backed the Green New Deal legislation but have not put forth their own major climate change policies.",forth,MOVEMENT,MOVEMENT,"[""MOVEMENT"",""ENERGY"",""FIRE"",""HIGH LOCATION"",""WEAKNESS""]"
43,144,676,"Now, with the cost of oil and natural gas used to generate electricity driving utility bills higher and evidence mounting that fossil fuel emissions are linked to global warming, is Shoreham worth a second look?",worth,GOAL DIRECTED,GOAL DIRECTED,"[""GOAL DIRECTED"",""POSITION AND CHANGE OF POSITION ON A SCALE"",""DISEASE"",""DELICACY"",""CONFINEMENT""]"
44,145,705,"We knew it was coming, but the event is still worth celebrating as further evidence of the strides this country has taken, since the Bush administration left town, to confront the problems of oil dependency and global warming.",worth,GOAL DIRECTED,GOAL DIRECTED,"[""GOAL DIRECTED"",""EMOTION EXPERIENCER"",""PARASITE"",""FORCEFUL EXTRACTION"",""A GOD""]"
45,146,728,"It’s hard to believe, but worth recalling, that during the presidential debates in 2016, not a single question about climate change was put to Hillary Clinton or Donald Trump.",worth,GOAL DIRECTED,GOAL DIRECTED,"[""GOAL DIRECTED"",""DESIRE"",""GAME"",""BUSINESS"",""STAGE""]"
46,147,689,"(You can read his views in my first long article on global warming, published in 1988; it’s worth noting that in 2005, Mr. Titus hedged his bets, spending $20,000 to elevate his summer house and yard on the Jersey Shore about five feet.)",worth,GOAL DIRECTED,GOAL DIRECTED,"[""GOAL DIRECTED"",""POSITION AND CHANGE OF POSITION ON A SCALE"",""RESOURCE"",""WEAKNESS"",""LIFE STAGE""]"
47,148,734,"I also thought it worth revisiting a particularly interesting comment from a reader, “joherz” of Bangor, Me., posted a year ago, musing on the revelations in relation to basic understanding of climate change:",worth,GOAL DIRECTED,GOAL DIRECTED,"[""GOAL DIRECTED"",""STRENGTH"",""FIRE"",""GAME"",""DOWNWARD MOVEMENT""]"
48,149,717,"The Democrats’ attempt to pass sweeping climate legislation in 2009 and 2010 probably reduced Americans’ anxiety level as well, as paradoxical as that may sound.",sweeping,MOVEMENT,MOVEMENT,"[""MOVEMENT"",""BUILDING"",""MACHINE"",""ENSLAVEMENT"",""PLANT""]"
49,150,684,"Liberal Democrats, including Representative Alexandria Ocasio-Cortez of New York, above, introduced their “Green New Deal” on Thursday with a sweeping resolution that would combat climate change, create jobs and counter President Trump’s challenge to core party values.",sweeping,MOVEMENT,MOVEMENT,"[""MOVEMENT"",""SIZE"",""PLANT"",""HIGH LOCATION"",""PARASITE""]"
0,151,905,"From the beginning, around 2002, she said one goal was to humanize the climate challenge the same way the feature film “Traffic” took on the sweeping story of the drug trade.",sweeping,MOVEMENT,MOVEMENT,"[""MOVEMENT"",""SIZE"",""HIGH POINT"",""PHYSICAL LOCATION"",""STORY""]"
1,152,912,"Democrats on Tuesday night officially approved a new party platform, outlining a sweeping set of policies on key issues including health care, climate change and the economy.",sweeping,MOVEMENT,MOVEMENT,"[""MOVEMENT"",""SIZE"",""PLIABILITY"",""ENERGY"",""MORAL DUTY""]"
2,153,892,But the scrutiny of a fossil-fuel company may signal a sweeping new front in the battle over climate change.,sweeping,MOVEMENT,MOVEMENT,"[""MOVEMENT"",""ABYSS"",""BUSINESS"",""VISION"",""COMPETITION""]"
3,154,885,"Noting that Ms. Harris was one of only 10 senators to oppose the renegotiated North American free trade pact, because it did not do enough to address climate change, the vice president argued that she had put a “radical environmental agenda ahead of Wisconsin dairy and <HIGHLIGHT>ahead</HIGHLIGHT> of Wisconsin power.”",ahead,MOVEMENT,MOVEMENT,"[""MOVEMENT"",""BACKWARD MOVEMENT"",""DELICACY"",""BUSINESS"",""LIGHT""]"
4,155,886,"The prelates’ appeal calls for a “major breakthrough in Paris” that puts “the common good ahead of national interests,” and advances a 10-point policy proposal “drawing on the concrete experience of people across the continents, and linking climate change to social injustice and the social exclusion of the poorest and most vulnerable of our citizens,” they wrote.",ahead,MOVEMENT,MOVEMENT,"[""MOVEMENT"",""FORWARD MOVEMENT"",""UPWARD MOVEMENT"",""CROP"",""GOAL DIRECTED""]"
5,156,896,But critics say it is yet another instance of the Bush administration's placing the interest of oil and gas companies ahead of the drive to reduce global warming.,ahead,MOVEMENT,MOVEMENT,"[""MOVEMENT"",""FORWARD MOVEMENT"",""DESIRE"",""CONFINEMENT"",""UPWARD MOVEMENT""]"
6,157,920,"Senator Rubio, on the issue of climate change, in 2008, you wanted Florida to get ahead of other states and establish a cap- and-trade system, a program for carbon emissions, which many Republicans thought at the time would hurt the Florida economy.",ahead,MOVEMENT,MOVEMENT,"[""MOVEMENT"",""FORWARD MOVEMENT"",""DARKNESS"",""STAGE"",""CLOTHING""]"
7,158,888,"President Obama thus has three critically important  environmental  appointments  ahead of him — four,  actually, when you count the fact that he has not had a vigorous advocate on environmental, energy and climate issues inside the White House since Carol Browner left her post as “energy czar” in early 2011.",ahead,MOVEMENT,MOVEMENT,"[""MOVEMENT"",""FORWARD MOVEMENT"",""PATHWAY"",""CROP"",""THEFT""]"
8,159,898,"WASHINGTON — Critics and supporters alike agree that the U.N. forum for negotiating international climate change policies is an ungainly mess, its annual gatherings marked by discord, disarray and brinkmanship.",forum,BUILDING,NO METAPHOR,"[""BUILDING"",""PHYSICAL LOCATION"",""BACKWARD MOVEMENT"",""SIZE"",""VEHICLE""]"
9,160,897,The bombings in London on Thursday knocked the meeting of major industrial nations off its carefully scripted focus on global warming and African poverty and turned it into a forum for President Bush and other world leaders to pledge unity in confronting terrorism.,forum,BUILDING,BUILDING,"[""BUILDING"",""COMPETITION"",""PROTECTION"",""ABYSS"",""ENSLAVEMENT""]"
10,161,914,"Although Mrs. Clinton ranged widely in five hours of testimony, speaking in detail on topics that included the coming negotiations in Copenhagen on climate change, she acknowledged that the eruption of violence in Gaza was likely to dominate her first days as secretary of state.",ranged,MOVEMENT,MOVEMENT,"[""MOVEMENT"",""BACKWARD MOVEMENT"",""COMPETITION"",""OBESITY"",""MOVEMENT""]"
11,162,910,"Brook and Bradshaw argue that the full gamut of electricity-generation sources—including nuclear power—must be deployed to replace the burning of fossil fuels, if we are to have any chance of mitigating severe climate change.",gamut,MOVEMENT,MOVEMENT,"[""MOVEMENT"",""GAME"",""MORAL DUTY"",""ABYSS"",""FACTORY""]"
12,163,903,"Daniel Becker, director of the Sierra Club’s global warming program, noted that Chrysler’s vehicle lineup was the one most heavily weighted toward pickup trucks and S.U.V.s.",lineup,MOVEMENT,MOVEMENT,"[""MOVEMENT"",""JOURNEY"",""OBESITY"",""PHYSICAL OBJECT"",""FAMILY""]"
13,164,882,The views expressed here on human-caused climate change run the gamut.,gamut,MOVEMENT,MOVEMENT,"[""MOVEMENT"",""SCIENCE"",""ENERGY"",""ABYSS"",""ANIMAL""]"
14,165,934,"She spoke about Finland’s challenges in coping with climate change, immigration and a movement of people to cities that is hollowing out rural communities.",hollowing,BUILDING,BUILDING,"[""BUILDING"",""PLANT"",""BACKWARD MOVEMENT"",""TOOL"",""CONTAMINATION""]"
15,166,915,"And just as in the early decades of the 20th century, when a conservative-dominated Supreme Court repeatedly struck down progressive economic policies like child labor and minimum-wage laws leading up to the New Deal fight, Democrats fear that the new majority will systematically crush their achievements — not just hollowing out past gains like abortion rights, but also striking down programs they hope to enact if they regain power, like expanding Medicare or efforts to curb climate change.",hollowing,BUILDING,BUILDING,"[""BUILDING"",""PLANT"",""RESOURCE"",""INSANITY"",""SERVANT""]"
16,167,926,"Dr. Gleick denied authorship of the most explosive of the documents, a supposed strategy paper that laid out the institute’s efforts to raise money to question climate change and get schools to adjust their science curricula to include alternative theories of global warming.",laid,BUILDING,BUILDING,"[""BUILDING"",""SHAPE"",""VEHICLE"",""PHYSICAL HARM"",""POSITION AND CHANGE OF POSITION ON A SCALE""]"
17,168,908,Crutzen wished to capture the imagination and frame the world in a word that would create urgency around the issue of climate change and other slow-building dangers accruing to the earth.,frame,BUILDING,BUILDING,"[""BUILDING"",""SHAPE"",""FABRIC"",""ENERGY"",""ENSLAVEMENT""]"
18,169,878,"Still, the growing momentum on the right is a sign that climate policy could still move forward in the Trump era — as long as it has broad support from American industry and is framed in other terms.",framed,BUILDING,BUILDING,"[""BUILDING"",""SHAPE"",""THEFT"",""VISION"",""LOW LOCATION""]"
19,170,918,"While Mitt Romney used his convention acceptance speech to mock the problem and the urgency of tackling global warming, President Barack Obama laid out a plan to increase the nation’s reliance on clean renewable energy, reduce dangerous air pollution and tackle global warming.”",laid,BUILDING,BUILDING,"[""BUILDING"",""PLIABILITY"",""ENERGY"",""IMPURITY"",""VEHICLE""]"
20,171,883,"Eileen Claussen, the president of the Pew Center on Global Climate Change, said the meetings helped frame some steps China could take that might satisfy senators worried about jobs flowing to Asia under a flawed climate deal.",frame,BUILDING,BUILDING,"[""BUILDING"",""SHAPE"",""STRUGGLE"",""DISEASE"",""MACHINE""]"
21,172,923,"''Ford's efforts to be a responsible corporate citizen,'' the Sierra Club said in a statement, ''are in stark contrast with the Bush administration's irresponsible remarks trivializing energy efficiency and President Bush's broken promise on curbing global warming.''",contrast,VISION,VISION,"[""VISION"",""STORY"",""GAME"",""MAGIC"",""STRENGTH""]"
22,173,904,"The positivist scientism that you call natural science and contrast with my devotion to dialectical materialism is not magical enough to convert me to the article of faith that is the theory of global warming, which is incompatible with current knowledge.",contrast,VISION,VISION,"[""VISION"",""LIGHT"",""MACHINE"",""PHYSICAL HARM"",""DESTROYER""]"
23,174,889,"Those remarks stood in contrast to Mr. Obama’s comments at his first postelection news conference, when he said he planned to convene “a wide-ranging conversation” about climate change and was vague about action.",contrast,VISION,VISION,"[""VISION"",""LIGHT"",""HIGH LOCATION"",""A RIGHT"",""HIGH POINT""]"
24,175,922,Those members are leading the way in addressing climate change -- a contrast with the paralysis in Washington.,contrast,VISION,VISION,"[""VISION"",""STORY"",""BODY OF WATER"",""RESOURCE"",""HUMAN BODY""]"
25,176,873,"Contrast that with the United States, where just 20 percent of electricity comes from nuclear plants, no commercial reactor has come on line since 1996, no new reactor has been ordered for decades, and debate about nuclear power remains paralyzing despite its clean-air electricity generation in the age of global warming.",Contrast,VISION,VISION,"[""VISION"",""COMPETITION"",""BODY OF WATER"",""CROP"",""THEFT""]"
26,177,887,WASHINGTON — President-elect Joseph R. Biden Jr.’s environment and energy team — facing a narrowly divided Congress and a hostile Republican leadership — will need creativity and perseverance if Mr. Biden is to follow through on his ambitious promises to address climate change.,hostile,STRUGGLE,STRUGGLE,"[""STRUGGLE"",""WAR"",""STAGE"",""OBESITY"",""SIZE""]"
27,178,917,"The proposal is the latest instance of the president’s use of his executive authority, which he has deployed in an effort to circumvent a hostile Congress on issues like immigration and climate change.",hostile,STRUGGLE,STRUGGLE,"[""STRUGGLE"",""WAR"",""HUMAN BODY"",""PROTECTION"",""PHYSICAL HARM""]"
28,179,872,Another comment objects to the phrase “tipping point” to describe when the planet reaches a threshold of irreversible climate change.,objects,STRUGGLE,STRUGGLE,"[""STRUGGLE"",""AVERSION"",""OBESITY"",""VISION"",""LOW POINT""]"
29,180,911,"They’re more inclined to identify as pro-life and anti-gun control, more doubtful about global warming, more hostile to regulation.",hostile,STRUGGLE,STRUGGLE,"[""STRUGGLE"",""AVERSION"",""PARASITE"",""GOAL DIRECTED"",""CONTAMINATION""]"
30,181,900,"President-elect Joseph R. Biden Jr. will face a narrowly divided Congress and a hostile Republican leadership as he tries to pass climate change legislation, piece by piece — knowing full well that the $2 trillion plan he campaigned on will be a tough sell.",hostile,STRUGGLE,STRUGGLE,"[""STRUGGLE"",""AVERSION"",""IMPURITY"",""AVERSION"",""HUMAN BODY""]"
31,182,932,"As you know, this weekend the BBC posed the question \\\What happened to global warming?\\\ taking many people by surprise.",taking,OBJECT HANDLING,OBJECT HANDLING,"[""OBJECT HANDLING"",""MOVEMENT"",""FOOD"",""LIFE STAGE"",""FURNISHINGS""]"
32,183,891,"One would hope that these events would shake President Bush out of his state of denial and add his authority to the chorus of governors, legislators and business leaders calling for an aggressive regulatory and technological response to the dangers of global warming.",shake,OBJECT HANDLING,OBJECT HANDLING,"[""OBJECT HANDLING"",""PLIABILITY"",""HAZARDOUS GEOGRAPHIC FEATURE"",""A GOD"",""DISEASE""]"
33,184,879,"Gov. Sarah Palin of Alaska, who recently caught political observers by surprise with her decision to resign as governor at the end of the month, slammed President Obama’s support of a cap-and-trade program to combat climate change, in a Washington Post op-ed piece Tuesday morning.",caught,OBJECT HANDLING,OBJECT HANDLING,"[""OBJECT HANDLING"",""PLIABILITY"",""DELICACY"",""RESOURCE"",""WAR""]"
34,185,884,Some fellow Democrats worry that he will be unable to shake his reflexive protection of the car industry or to recognize the groundswell of popular support for action against global warming.,shake,OBJECT HANDLING,OBJECT HANDLING,"[""OBJECT HANDLING"",""PLIABILITY"",""SCIENCE"",""FAMILY"",""PROTECTION""]"
35,186,894,And yet I couldn’t shake the feeling that Gertner never really saw his project as primarily about climate change.,shake,OBJECT HANDLING,OBJECT HANDLING,"[""OBJECT HANDLING"",""MOVEMENT"",""RULE ENFORCER"",""DOWNWARD MOVEMENT"",""NATURAL PHYSICAL FORCE""]"
36,187,919,"Some of those candidates were talking about a Green New Deal, like the one put forward by the soon-to-be-youngest member of Congress, Alexandria Ocasio-Cortez, that would rapidly reduce the nation’s fossil fuel use while preparing the country for climate change.",forward,FORWARD MOVEMENT,FORWARD MOVEMENT,"[""FORWARD MOVEMENT"",""BACKWARD MOVEMENT"",""BUSINESS"",""CONTAMINATION"",""PARASITE""]"
37,188,871,"After a seven-hour marathon forum on Wednesday night in which 10 Democratic presidential candidates put forward their ideas for tackling global warming, the issue seems to have catapulted to the top of the political agenda.",forward,FORWARD MOVEMENT,FORWARD MOVEMENT,"[""FORWARD MOVEMENT"",""BACKWARD MOVEMENT"",""INSANITY"",""MAGIC"",""EMOTION EXPERIENCER""]"
38,189,875,"He has made the repeal of a carbon-trading plan passed by Ms. Gillard the centerpiece of his campaign, and as recently as 2009 he denied the existence of climate change caused by humans.",centerpiece,FURNISHINGS,FURNISHINGS,"[""FURNISHINGS"",""BUILDING"",""BACKWARD MOVEMENT"",""DISEASE"",""PHYSICAL BURDEN""]"
39,190,881,The audacious suggestion was the centerpiece of this year’s conference theme — fighting climate change.,centerpiece,FURNISHINGS,FURNISHINGS,"[""FURNISHINGS"",""BUILDING"",""WEATHER"",""SHAPE"",""SIZE""]"
40,191,899,"“The regulations on vehicles and power plants — that’s going be the centerpiece of what the U.S. can take to the next round of diplomatic talks,” said Adele Morris, an energy and climate change policy expert at the Brookings Institution.",centerpiece,FURNISHINGS,FURNISHINGS,"[""FURNISHINGS"",""BUILDING"",""FABRIC"",""CROP"",""ABYSS""]"
41,192,916,"Mr. Obama, who has made climate change a signature issue of his presidency, announced the centerpiece of his plan this year.",centerpiece,FURNISHINGS,FURNISHINGS,"[""FURNISHINGS"",""CONTAINER"",""MAZE"",""DELICACY"",""PORTAL""]"
42,193,913,"And Gov. Arnold Schwarzenegger,  who announced Monday with Mr. Blair that they would work to fight global warming,  has made environmental concerns a centerpiece of his re-election campaign.",centerpiece,FURNISHINGS,FURNISHINGS,"[""FURNISHINGS"",""BUILDING"",""PHYSICAL BURDEN"",""STAGE"",""VEHICLE""]"
43,194,880,"Even as the campaigns against the Islamic State and the Taliban have faltered, American diplomats have made remarkable progress across a number of fronts, from climate change to checking Iran’s nuclear ambitions.",fronts,WAR,WAR,"[""WAR"",""BATTLE"",""DISEASE"",""VISION"",""FABRIC""]"
44,195,940,"UNITED NATIONS, June 23—                     With Tony Blair, the new British Prime Minister, in the rhetorical vanguard, European heads of state  came before a gloom-and-doom conference of the world's nations today and demanded ever more forceful actions by the United States to confront environmental trends like global warming.",vanguard,WAR,WAR,"[""WAR"",""BATTLE"",""DESTROYER"",""POSITION AND CHANGE OF POSITION ON A SCALE"",""CONFINEMENT""]"
45,196,877,Re “Reports From Four Fronts in the War on Warming” (April 3): Robert O. Mendelsohn is quoted as saying that it is easier to sell the idea of reducing greenhouse emissions to industrialized countries when it seems that we are “all in this together.”,Fronts,WAR,WAR,"[""WAR"",""BATTLE"",""DELICACY"",""MEDICINE"",""MACHINE""]"
46,197,901,"It is an encouraging document, in that it presents a manageable way to think about how to address global warming — basically, to approach it on many fronts simultaneously — without suggesting we need one big, magical fix.",fronts,WAR,WAR,"[""WAR"",""PHYSICAL LOCATION"",""FURNISHINGS"",""SERVANT"",""POSITION AND CHANGE OF POSITION ON A SCALE""]"
47,198,874,On multiple legal fronts the question is being asked: Did Exxon Mobil’s communications about climate change break the law?,fronts,WAR,WAR,"[""WAR"",""BATTLE"",""STORY"",""FABRIC"",""GEOGRAPHIC FEATURE""]"
48,199,876,"The pollution argument is beginning to gain ground even among some environmentalists, who have generally opposed nuclear power but who increasingly view conventional power plants as heavy contributors to global warming and acid rain.",gain,FORWARD MOVEMENT,FORWARD MOVEMENT,"[""FORWARD MOVEMENT"",""RESOURCE"",""LIGHT"",""FORWARD MOVEMENT"",""GAP""]"
49,200,930,"LONDON — District heating, a technology as old as the Romans, is gaining ground in Britain as the government searches for ways to cut  the emissions of global warming gases.",gaining,FORWARD MOVEMENT,FORWARD MOVEMENT,"[""FORWARD MOVEMENT"",""PHYSICAL OBJECT"",""LOW LOCATION"",""BACKWARD MOVEMENT"",""ENERGY""]"
0,201,1192,"Another novel response gaining attention lately is the idea of applying international refugee law — largely drafted after World War II to protect people fleeing political, religious or racial persecution — to those forced from their homes because of climate change.",gaining,FORWARD MOVEMENT,FORWARD MOVEMENT,"[""FORWARD MOVEMENT"",""UPWARD MOVEMENT"",""A GOD"",""MORAL DUTY"",""FOOD""]"
1,202,1139,"Critics of the teaching of evolution in the nation’s classrooms are gaining ground in some states by linking the issue to global warming, arguing that dissenting views on both scientific subjects should be taught in public schools.",gaining,FORWARD MOVEMENT,FORWARD MOVEMENT,"[""FORWARD MOVEMENT"",""DESIRE"",""STRENGTH"",""ENSLAVEMENT"",""DOWNWARD MOVEMENT""]"
2,203,1140,Today Leslie Kaufman has a front-page story about how critics of evolution are gaining ground by linking the issue to climate change and arguing that dissenting views on both should be taught in public schools.,gaining,FORWARD MOVEMENT,FORWARD MOVEMENT,"[""FORWARD MOVEMENT"",""PHYSICAL OBJECT"",""ABYSS"",""LIGHT"",""DISEASE""]"
3,204,1180,U.N. is scrambling to find a new venue for next year’s global summit meeting on climate change after Brazil backed out as host.,backed,BACKWARD MOVEMENT,BACKWARD MOVEMENT,"[""BACKWARD MOVEMENT"",""PLIABILITY"",""TEMPERATURE"",""BUSINESS"",""THEFT""]"
4,205,1134,"“I think we all wish the economy was a lot better, but I feel very strongly that we can’t back away from progress we’ve made on really important things like climate change,” Mr. Doyle said.",away,MOVEMENT,BACKWARD MOVEMENT,"[""MOVEMENT"",""BACKWARD MOVEMENT"",""MAZE"",""BARRIER"",""CONTAMINATION""]"
5,206,1176,• Here’s how New York is doubling down on its battle against climate change even as the federal government backs away from the issue.,away,BACKWARD MOVEMENT,BACKWARD MOVEMENT,"[""BACKWARD MOVEMENT"",""GAP"",""EMOTION EXPERIENCER"",""MACHINE"",""UPWARD MOVEMENT""]"
6,207,1138,"Daniel F. Becker, director of the group's global warming program, said that because Ford had already backed off a previous promise to build more fuel-efficient sport utility vehicles, the company was \\\rapidly becoming the automaker that cried wolf.\\\",backed,BACKWARD MOVEMENT,BACKWARD MOVEMENT,"[""BACKWARD MOVEMENT"",""OBJECT HANDLING"",""EMOTION EXPERIENCER"",""MAGIC"",""FOOD""]"
7,208,1144,"(In October, Mr. Trump backed away from calling climate change a fiction, but added that scientists “have a very big political agenda.”)",backed,BACKWARD MOVEMENT,BACKWARD MOVEMENT,"[""BACKWARD MOVEMENT"",""OBJECT HANDLING"",""MAGIC"",""FIRE"",""BUILDING""]"
8,209,1172,"Though the Democratic candidates take global warming seriously, the two leading Republican candidates, Donald Trump and Ted Cruz, who don’t have a rudimentary grasp of the subject, are not only criticizing Mr. Obama’s initiatives but also questioning or denying the science of climate change.",grasp,HUMAN BODY,HUMAN BODY,"[""HUMAN BODY"",""OBJECT HANDLING"",""SIZE"",""MAZE"",""ANIMAL""]"
9,210,1132,"The Democrat, Assemblywoman Shelley Mayer of Yonkers, has a better grasp of how to use the culture of Albany to deliver fair funding to local schools, address climate change and pollution in the Hudson River, promote criminal justice reform and tackle the corruption and abuses of power that she has seen and resisted firsthand.",grasp,HUMAN BODY,HUMAN BODY,"[""HUMAN BODY"",""OBJECT HANDLING"",""PHYSICAL OBJECT"",""INSANITY"",""FIRE""]"
10,211,1147,"In his address in Ohio, Mr. Biden hit many of the same things he has been stressing for months, even years in some cases: that Mr. Trump’s divisive presidency poses a unique threat to the nation’s character, that he does not respect even members of the military, that he does not grasp the threat of climate change and that he has mishandled the pandemic at every turn.",grasp,HUMAN BODY,HUMAN BODY,"[""HUMAN BODY"",""OBJECT HANDLING"",""SERVANT"",""FABRIC"",""PROTECTION""]"
11,212,1188,He has a sophisticated grasp of the complexities of global warming and a strong belief in fighting it aggressively.,grasp,HUMAN BODY,HUMAN BODY,"[""HUMAN BODY"",""OBJECT HANDLING"",""PHYSICAL OBJECT"",""BLOOD STREAM"",""BUSINESS""]"
12,213,1146,"Mr. Biden will get certain things done quickly: rejoin the Paris Agreement on climate change; reassert the importance of American values, including the defense of democracy and human rights; rebuild shaken ties with the European Union and other allies across the world; restore the place of truth so that America’s word is worth something again; and reject the zero-sum approach of Mr. Trump which failed to grasp the mutual benefits of open trade and a rules-based global order.",grasp,HUMAN BODY,HUMAN BODY,"[""HUMAN BODY"",""OBJECT HANDLING"",""GAP"",""AVERSION"",""SCIENCE""]"
13,214,1133,"Referring to Gov. Rick Perry of Texas, who has sought federal aid to fight wildfires caused by a prolonged drought, Mr. Obama said: “You’ve got a governor whose state is on fire denying climate change.",got,OBJECT HANDLING,OBJECT HANDLING,"[""OBJECT HANDLING"",""PHYSICAL OBJECT"",""AVERSION"",""PROTECTION"",""BUILDING""]"
14,215,1158,"A huge portion of the conference consisted of “Side Events,” usually having one to several speakers addressing a climate-change issue, and rarely involving the negotiations.",having,OBJECT HANDLING,OBJECT HANDLING,"[""OBJECT HANDLING"",""PHYSICAL OBJECT"",""SERVANT"",""LIGHT"",""CLOTHING""]"
15,216,1148,"Referring to Gov. Rick Perry of Texas, who has sought federal aid to fight wildfires caused by a prolonged drought, Mr. Obama said: “You’ve got a governor whose state is on fire denying climate change.",got,OBJECT HANDLING,OBJECT HANDLING,"[""OBJECT HANDLING"",""PHYSICAL OBJECT"",""PHYSICAL OBJECT"",""LOW POINT"",""LIFE STAGE""]"
16,217,1153,"\\\What you've got here is a situation where in nature over a short period of time, they have been adapting to climate change.\\\",got,OBJECT HANDLING,OBJECT HANDLING,"[""OBJECT HANDLING"",""PHYSICAL OBJECT"",""PORTAL"",""ABYSS"",""GOAL DIRECTED""]"
17,218,1125,"“That’s got Kyoto written all over it,” he said, referring to the climate change treaty rejected by the United States.",got,OBJECT HANDLING,OBJECT HANDLING,"[""OBJECT HANDLING"",""PHYSICAL OBJECT"",""PORTAL"",""CONFINEMENT"",""GIFT""]"
18,219,1130,Political experts further questioned whether another drawn-out battle on climate change science would appeal much to voters.,battle,WAR,WAR,"[""WAR"",""BATTLE"",""SCIENCE"",""CLOTHING"",""PLANT""]"
19,220,1196,"The same Web site noted that three columnists for The Orange Country Register recently included the legalization and taxation of marijuana production in a list of ideas to help California balance its books — along with calls to privatize the state’s prisons, suspend the fight against global warming and drill for oil in the waters near the state’s beaches.",fight,STRUGGLE,STRUGGLE,"[""STRUGGLE"",""BATTLE"",""CONFINEMENT"",""PARASITE"",""PROTECTION""]"
20,221,1127,"On Wednesday, lawmakers confronted Rex W. Tillerson, the former oil executive nominated for secretary of state, over his unwillingness to criticize President Vladimir V. Putin of Russia and over his views on climate change.",confronted,HUMAN BODY,HUMAN BODY,"[""HUMAN BODY"",""COMPETITION"",""RESOURCE"",""CROP"",""BODY OF WATER""]"
21,222,1149,"That dynamic sets up climate change as a potentially explosive issue on the 2016 campaign trail, which may pit Mrs. Clinton against a field of Republican candidates who question and deny the science that human activity causes global warming.",war,WAR,NO METAPHOR,"[""WAR"",""BATTLE"",""OBESITY"",""HAZARDOUS GEOGRAPHIC FEATURE"",""BARRIER""]"
22,223,1131,"In recent negotiations over joining the World Trade Organization and ratifying the Kyoto treaty on climate change, Russia has clashed fundamentally with Europe's vision on free markets and the environment.",clashed,STRUGGLE,STRUGGLE,"[""STRUGGLE"",""BATTLE"",""LOW POINT"",""PHYSICAL OBJECT"",""WEATHER""]"
23,224,1128,"It will also give him an opportunity to hammer a pet theme of late: that urban mayors are in the best position to enact problem-solving policies, whether fighting illegal gun trafficking or global warming.",hammer,TOOL,TOOL,"[""TOOL"",""MACHINE"",""BUSINESS"",""PARASITE"",""POSITION AND CHANGE OF POSITION ON A SCALE""]"
24,225,1181,"Criticisms of Mr. Gore have come not only from conservative groups and prominent skeptics of catastrophic warming, but also from rank-and-file scientists like Dr. Easterbook, who told his peers that he had no political ax to grind.",grind,TOOL,TOOL,"[""TOOL"",""FORCEFUL EXTRACTION"",""STAGE"",""BACKWARD MOVEMENT"",""PATHWAY""]"
25,226,1126,"Republicans did not interpret the president’s jabs at their positions on the minimum wage, climate change and Cuba — interspersed with calls for compromise — as a hopeful sign.",jabs,TOOL,TOOL,"[""TOOL"",""GAME"",""UPWARD MOVEMENT"",""GAME"",""THEFT""]"
26,227,1141,"Before Mr. Morrison started emphasizing that the best way to fight future fires would be through more preventive burning rather than serious action on global warming, Mr. Kelly was hammering the point.",hammering,TOOL,TOOL,"[""TOOL"",""PHYSICAL HARM"",""WEAKNESS"",""PHYSICAL OBJECT"",""PLANT""]"
27,228,1129,"From the scientists holding an oversize chalkboard to the Hurricane Sandy victims toting life preservers, the march was a self-consciously inclusive affair, with the organizers intent on creating a very big tent, which they hoped would hammer home the relevance of climate change and its effects.",hammer,TOOL,TOOL,"[""TOOL"",""PHYSICAL HARM"",""VEHICLE"",""FURNISHINGS"",""BLOOD STREAM""]"
28,229,1152,"WASHINGTON — The pitched battle over President Obama’s signature climate change policy, which is moving to the courts this week, carries considerable political, economic and historical stakes.",stakes,OBJECT HANDLING,OBJECT HANDLING,"[""OBJECT HANDLING"",""GOAL DIRECTED"",""HUMAN BODY"",""BARRIER"",""CONTAMINATION""]"
29,230,1156,"Democrats insisted they could use the court fight to spur voters on the individual priorities that resonate with them, citing the stakes for climate change, campaign finance changes, abortion rights, immigration — mobilizing them on a topic that goes beyond the court but is tied to who chooses the new justice.",stakes,OBJECT HANDLING,OBJECT HANDLING,"[""OBJECT HANDLING"",""BUILDING"",""LOW POINT"",""DESIRE"",""SCIENCE""]"
30,231,1151,"It’s “Don’t Even Think About It: Why Our Brains Are Wired to Ignore Climate Change,” by George Marshall, whose work on how disasters reinforce peoples’ identities was explored here.",Wired,FURNISHINGS,FURNISHINGS,"[""FURNISHINGS"",""CONFINEMENT"",""MORAL DUTY"",""DOWNWARD MOVEMENT"",""PROTECTION""]"
31,232,1137,"But on this, Republicans are dead set against taking action on climate change on the national level.",set,FURNISHINGS,FURNISHINGS,"[""FURNISHINGS"",""OBJECT HANDLING"",""BODY OF WATER"",""BLOOD STREAM"",""OBESITY""]"
32,233,1161,"He has signaled that addressing climate change will be one of the centerpieces of a raft of policies, from agriculture to transportation.",centerpieces,FURNISHINGS,FURNISHINGS,"[""FURNISHINGS"",""CONTAINER"",""COMPETITION"",""FABRIC"",""PROTECTION""]"
33,234,1178,"The election gave added evidence that climate wars have become an adjunct of the politics of grievance that have brought populists to power in America, Europe and elsewhere, and have rent electorates into bitterly opposed camps of urban and provincial, young and old, activist and cautious.",adjunct,FURNISHINGS,FURNISHINGS,"[""FURNISHINGS"",""MACHINE"",""CONFINEMENT"",""STRENGTH"",""WAR""]"
34,235,1150,"He is also attempting to broaden his appeal with more specific policy proposals: His first was a sweeping plan to address climate change, and he has taken steps to professionalize his campaign.",steps,FORWARD MOVEMENT,FORWARD MOVEMENT,"[""FORWARD MOVEMENT"",""MOVEMENT"",""CRIME"",""GEOGRAPHIC FEATURE"",""DOWNWARD MOVEMENT""]"
35,236,1167,"NEW DELHI — With international talks on climate change starting next week in Copenhagen, India staked out its early position  on Thursday by announcing that it would slow the growth of the nation’s greenhouse gas emissions by 2020, while also leaving open the possibility of taking bolder steps if an “equitable” deal can be reached during the negotiations.",taking,OBJECT HANDLING,OBJECT HANDLING,"[""OBJECT HANDLING"",""MOVEMENT"",""BUILDING"",""RESOURCE"",""DARKNESS""]"
36,237,1183,"European concerns: In a virtual summit between Mr. Xi and the European Union’s leadership, Europeans raised a litany of concerns, including China’s slow moves to combat climate change, its crackdowns in Hong Kong and Tibet, the imprisonment of a Swedish bookseller, the arrests of two Canadians in transparent retaliation for a criminal extradition case and China’s unilateral <HIGHLIGHT>moves</HIGHLIGHT> in the disputed waters of the South China Sea.",moves,MOVEMENT,MOVEMENT,"[""MOVEMENT"",""RESOURCE"",""SERVANT"",""DISEASE"",""CONTAMINATION""]"
37,238,1136,"It would probably be the most important thing we can do to fight the war on terror, would wean us away from our dependence on oil, would address the problem of global warming in a major way, and would provide substantial revenue for solving our energy problems.",thing,TOOL,TOOL,"[""TOOL"",""PHYSICAL OBJECT"",""BUSINESS"",""PHYSICAL HARM"",""ACCIDENT""]"
38,239,1123,"–  In Congress, Senate Republicans took the first steps to avert a government shutdown, scheduling a vote on a temporary spending plan, while Senate Democrats offered a climate change bill that had no chance of passing but that they said would push for policies that could help them in 2016.",steps,FORWARD MOVEMENT,FORWARD MOVEMENT,"[""FORWARD MOVEMENT"",""GOAL DIRECTED"",""RULE ENFORCER"",""GOAL DIRECTED"",""FURNISHINGS""]"
39,240,1143,Joe Nocera accuses James Hansen of abandoning science by making “apocalyptic” pronouncements linking climate change with fossil fuels.,making,FACTORY,FACTORY,"[""FACTORY"",""BUILDING"",""JOURNEY"",""IMPURITY"",""LIGHT""]"
40,241,1145,"“The Paris agreement was flawed from the beginning — a shortsighted approach that set unattainable targets for the United States while not holding international partners to the same standards,” said Senator James Inhofe, Republican of Oklahoma, who has called climate change a hoax.",set,OBJECT HANDLING,NO METAPHOR,"[""OBJECT HANDLING"",""MOVEMENT"",""ENSLAVEMENT"",""UPWARD MOVEMENT"",""PHYSICAL BURDEN""]"
41,242,1165,A $2 trillion climate plan that Mr. Biden issued in July was titled the “Plan to Secure Environmental Justice and Equitable Opportunity in a Clean Energy Future” and set a goal that 40 percent of all clean energy spending would go to disadvantaged communities.,set,GOAL DIRECTED,GOAL DIRECTED,"[""GOAL DIRECTED"",""TOOL"",""IMPURITY"",""HIGH LOCATION"",""WEAKNESS""]"
42,243,1142,"That is the target set by the 2015 Paris Accord, a landmark agreement among most of the world’s nations to fight global warming.",set,WAR,GOAL DIRECTED,"[""WAR"",""TOOL"",""BUSINESS"",""GOAL DIRECTED"",""RULE ENFORCER""]"
43,244,1175,"“The people who are making these decisions are taking some real risk,” said Ben Strauss, the director of the Program on Sea Level Rise at Climate Central, a group that studies the effects of climate change.",making,FACTORY,FACTORY,"[""FACTORY"",""BUSINESS"",""ACCIDENT"",""LIFE STAGE"",""PLIABILITY""]"
44,245,1154,"Greater fuel efficiency -- the very thing that would reduce America's oil dependency, as well as its contribution to global warming -- has taken a back seat.",seat,FURNISHINGS,FURNISHINGS,"[""FURNISHINGS"",""CONTAINER"",""RULE ENFORCER"",""MOVEMENT"",""CLOTHING""]"
45,246,1135,"Mr. Bush would also not be taking the head-in-sand positions he has in opposition to stem cell research, climate change, population control and evolution -- positions from which centrist Republicans are now distancing themselves.",head-in-sand,FURNISHINGS,FURNISHINGS,"[""FURNISHINGS"",""CLOTHING"",""MORAL DUTY"",""STRENGTH"",""HAZARDOUS GEOGRAPHIC FEATURE""]"
46,247,1190,"[C8.]DIGITAL DIVIDE STILL A CONCERN -- Concerns over a growing digital divide have taken a back seat to the challenge of climate change at this year's World Economic Forum in Davos, Switzerland.",seat,FURNISHINGS,FURNISHINGS,"[""FURNISHINGS"",""CONTAINER"",""EMOTION EXPERIENCER"",""AVERSION"",""STRUGGLE""]"
47,248,1163,Dr. Harrison said that 50 years was a ''good back-of-the-envelope number'' for the time a valley glacier took to adjust to climate change.,back-of-the-envelope,FURNISHINGS,FURNISHINGS,"[""FURNISHINGS"",""CONTAINER"",""PLIABILITY"",""A RIGHT"",""OBJECT HANDLING""]"
48,249,1124,"In future elections, voters need to demand that climate change be a front-burner political issue.",front-burner,FURNISHINGS,FURNISHINGS,"[""FURNISHINGS"",""ENERGY"",""BARRIER"",""WEATHER"",""CRIME""]"
49,250,1169,He puts at least part of the blame on global warming.,puts,OBJECT HANDLING,OBJECT HANDLING,"[""OBJECT HANDLING"",""RESOURCE"",""UPWARD MOVEMENT"",""CONTAMINATION"",""BODY OF WATER""]"
0,251,1380,"As it turned out, Mr. Lazio was forced to withdraw one of the ads, which attacked Mrs. Clinton for support a treaty on global warming, after he was criticized by environmental groups.",attacked,WAR,WAR,"[""WAR"",""BATTLE"",""PARASITE"",""STRUGGLE"",""ANIMAL""]"
1,252,1333,"Over the past two months, Republican lawmakers, the Trump campaign and conservative outlets have hammered the themes that Democrats are more interested in climate change than reviving the economy, that Mr. Biden and environmental groups are seeking to exploit the pandemic to push a “radical” green agenda, and that the economic fallout of Covid-19 is a preview of life under ambitious climate change policies.",hammered,TOOL,TOOL,"[""TOOL"",""PHYSICAL HARM"",""PARASITE"",""DESTROYER"",""PHYSICAL LOCATION""]"
2,253,1324,WASHINGTON —  A panel of federal judges appeared inclined on Thursday to dismiss the first legal challenge to President Obama’s most far-reaching regulation to slow climate change.,dismiss,BACKWARD MOVEMENT,BACKWARD MOVEMENT,"[""BACKWARD MOVEMENT"",""MOVEMENT"",""WAR"",""LIFE STAGE"",""GEOGRAPHIC FEATURE""]"
3,254,1340,"The ruling specifically takes the Trump administration to task for failing to address the Obama administration’s arguments about climate change, including the need to keep rising global temperatures at safe levels as a basis for denying the pipeline permit.",takes,OBJECT HANDLING,OBJECT HANDLING,"[""OBJECT HANDLING"",""FORCEFUL EXTRACTION"",""HIGH POINT"",""RULE ENFORCER"",""PORTAL""]"
4,255,1338,His mission was to persuade Republican members of Congress to acknowledge climate change in the party platform that would shape the Republican National Convention in late July.,platform,BUILDING,BUILDING,"[""BUILDING"",""SCIENCE"",""A RIGHT"",""STAGE"",""THEFT""]"
5,256,1369,"(While members of any party can attend trainings, the group doesn’t endorse Republicans for federal offices because, Ms. Naughton said, “we can’t justify supporting Republicans when the G.O.P. platform is aligned against scientific consensus on issues like climate change.”)",platform,BUILDING,BUILDING,"[""BUILDING"",""SCIENCE"",""GAP"",""FORWARD MOVEMENT"",""DISEASE""]"
6,257,1354,"Mr. Biden will get certain things done quickly: rejoin the Paris Agreement on climate change; reassert the importance of American values, including the defense of democracy and human rights; rebuild shaken ties with the European Union and other allies across the world; restore the place of truth so that America’s word is worth something again; and reject the zero-sum approach of Mr. Trump which failed to grasp the mutual benefits of open trade and a rules-based global order.",order,BUILDING,BUILDING,"[""BUILDING"",""SHAPE"",""GAP"",""HIGH POINT"",""VISION""]"
7,258,1331,"From climate change (she supports renewable energy investment) to abortion (she has been a supporter of abortion rights her entire career), Ms. Guadagno has not shown a rigid adherence to the party’s platform or conservative ethos.",platform,BUILDING,BUILDING,"[""BUILDING"",""SCIENCE"",""STAGE"",""CONTAMINATION"",""GAP""]"
8,259,1350,"Democrats on Tuesday night officially approved a new party platform, outlining a sweeping set of policies on key issues including health care, climate change and the economy.",platform,BUILDING,BUILDING,"[""BUILDING"",""SCIENCE"",""SHAPE"",""COMPETITION"",""PLIABILITY""]"
9,260,1326,"Climate change matters are overseen by the House Energy and Commerce Committee, as well as the Natural Resources Committee; the select committee did not pass legislation but did hold hearings, which will cease in the new Congress.",pass,MOVEMENT,MOVEMENT,"[""MOVEMENT"",""PATHWAY"",""A GOD"",""PHYSICAL LOCATION"",""FABRIC""]"
10,261,1356,"And in June, the House Armed Services Committee passed an amendment to the 2018 National Defense Authorization Act that would require the secretary of defense to submit a report on how climate change could affect American military installations and combat requirements over the next 20 years.",passed,PATHWAY,PATHWAY,"[""PATHWAY"",""BARRIER"",""PARASITE"",""DESTROYER"",""MAGIC""]"
11,262,1327,Yet another law the state legislature passed in 2012 prohibited state coastal planning officials from taking into account the effects of sea-level rise because of climate change.,passed,PATHWAY,PATHWAY,"[""PATHWAY"",""MOVEMENT"",""PHYSICAL LOCATION"",""TOOL"",""MOVEMENT""]"
12,263,1353,"But no issue might be as problematic for Democrats as climate change, specifically how far the House should go to combat it when the Senate is in Republican hands, headed by a majority leader, Senator Mitch McConnell, who jealously guards the coal interests of his state, Kentucky.",headed,MOVEMENT,MOVEMENT,"[""MOVEMENT"",""JOURNEY"",""FABRIC"",""A RIGHT"",""THEFT""]"
13,264,1358,"Climate change matters are overseen by the House Energy and Commerce Committee, as well as the Natural Resources Committee; the select committee did not pass legislation but did hold hearings, which will cease in the new Congress.",pass,MOVEMENT,PATHWAY,"[""MOVEMENT"",""PATHWAY"",""HAZARDOUS GEOGRAPHIC FEATURE"",""TEMPERATURE"",""ADDICTION""]"
14,265,1341,"From the foreign affairs angle, CNN’s Fareed Zakaria talks to Nathan Myhrvold, formerly the chief of technology at Microsoft, about solving global warming.",angle,BACKWARD MOVEMENT,NO METAPHOR,"[""BACKWARD MOVEMENT"",""SHAPE"",""PORTAL"",""BODY OF WATER"",""LOW POINT""]"
15,266,1325,"If there happens to be an unusual stretch of cold years, the do-nothing entrepreneurs would start a counter-cascade (and journalists would be be eager for a fresh angle on the climate story).",angle,BACKWARD MOVEMENT,NO METAPHOR,"[""BACKWARD MOVEMENT"",""SHAPE"",""CONTAINER"",""MORAL DUTY"",""FABRIC""]"
16,267,1343,"We need a functional government that raises ample revenues to meet the challenges we face, including an aging population, climate change (and the intense disasters it increasingly causes), inequality, poverty and the winds of geopolitical upheaval.",meet,GOAL DIRECTED,GOAL DIRECTED,"[""GOAL DIRECTED"",""STRENGTH"",""GEOGRAPHIC FEATURE"",""FAMILY"",""STRUGGLE""]"
17,268,1352,"Now, as the world’s largest economy and as the world’s second largest emitter, America bears our responsibility to address climate change, and we intend to meet that responsibility.",meet,GOAL DIRECTED,GOAL DIRECTED,"[""GOAL DIRECTED"",""MORAL DUTY"",""PLIABILITY"",""AVERSION"",""VEHICLE""]"
18,269,1361,"But it took no time at all, it seems, for leaders around the world to latch onto the notion that global warming will bring war.",latch,FURNISHINGS,FURNISHINGS,"[""FURNISHINGS"",""CONFINEMENT"",""GAP"",""BLOOD STREAM"",""PATHWAY""]"
19,270,1368,"But it took no time at all, it seems, for leaders around the world to latch onto the notion that global warming will bring war.",latch,FURNISHINGS,FURNISHINGS,"[""FURNISHINGS"",""CONFINEMENT"",""INSANITY"",""DESTROYER"",""PLANT""]"
20,271,1376,"“As Seas Rise, Millions Cling to Borrowed Time and Dying Land” (front page, March 29) paints a sadly accurate portrait of the worsening consequences of climate change for the people and environment of Bangladesh.",Cling,FURNISHINGS,FURNISHINGS,"[""FURNISHINGS"",""CONFINEMENT"",""HUMAN BODY"",""DESIRE"",""CRIME""]"
21,272,1348,"No one talks about climate change, but even Republicans voice support for clean energy and green jobs.",voice,HUMAN BODY,HUMAN BODY,"[""HUMAN BODY"",""PLIABILITY"",""BARRIER"",""PLIABILITY"",""MAGIC""]"
22,273,1337,"''We are writing,'' it complained, ''to voice deep disappointment with the lack of an Administration proposal to require significant reductions in global warming pollution.",voice,HUMAN BODY,HUMAN BODY,"[""HUMAN BODY"",""PLIABILITY"",""PATHWAY"",""BARRIER"",""FACTORY""]"
23,274,1339,"When Trump tries to ignore the provisions of a global accord to curb climate change, and charts a path for the United States as a rogue nation, the resistance will come from the millions of young Americans who found a voice in old Bernie Sanders.",voice,HUMAN BODY,HUMAN BODY,"[""HUMAN BODY"",""MAGIC"",""LOW POINT"",""HAZARDOUS GEOGRAPHIC FEATURE"",""CLOTHING""]"
24,275,1382,The Chinese government has emerged as one of the leading voices on fighting climate change.,voices,HUMAN BODY,HUMAN BODY,"[""HUMAN BODY"",""VISION"",""CLOTHING"",""STRENGTH"",""PATHWAY""]"
25,276,1378,"Mr. McCain has been an interesting voice on global warming, given that he broke with President Bush and most of his party years ago, acknowledging that the buildup of greenhouse gases from human activities was risky and mandatory steps were needed to curb emissions.",voice,HUMAN BODY,HUMAN BODY,"[""HUMAN BODY"",""MAGIC"",""STRUGGLE"",""POSITION AND CHANGE OF POSITION ON A SCALE"",""HIGH POINT""]"
26,277,1371,Mr. Inhofe has buttressed himself with a small jury of scientists who argue that climate change is only natural.,buttressed,BUILDING,BUILDING,"[""BUILDING"",""FURNISHINGS"",""HIGH POINT"",""STAGE"",""SHAPE""]"
27,278,1351,Mr. Inhofe has buttressed himself with a small jury of scientists who argue that climate change is only natural.,buttressed,BUILDING,BUILDING,"[""BUILDING"",""FURNISHINGS"",""HUMAN BODY"",""GAME"",""MACHINE""]"
28,279,1349,"Finally, by doing nothing to reduce U.S. oil consumption we are only hastening the climate change crisis, and the Bush officials who scoff at the science around this should hang their heads in shame.",hang,BUILDING,BUILDING,"[""BUILDING"",""FURNISHINGS"",""ENERGY"",""ENSLAVEMENT"",""THEFT""]"
29,280,1330,"Whether or not the single-action bias can help explain why students in the Toronto experiment behaved the way they did is an open question, though it seems certain that the study of environmental decision-making — particularly as popular agreement on the gravity of global warming wanes — will continue to be a hot area of research.",way,MOVEMENT,MOVEMENT,"[""MOVEMENT"",""VEHICLE"",""PHYSICAL LOCATION"",""HIGH POINT"",""SERVANT""]"
30,281,1360,"“The politics are making the administration do things in a much more expensive way,” said Michael J. Graetz of Columbia Law School, “than if the Congress had acted to do something about climate change.”",way,MOVEMENT,MOVEMENT,"[""MOVEMENT"",""PATHWAY"",""HAZARDOUS GEOGRAPHIC FEATURE"",""PHYSICAL LOCATION"",""STAGE""]"
31,282,1373,"“To properly address climate change, we must change the way we structure our organizations and the <HIGHLIGHT>way</HIGHLIGHT> we think as individuals,” he said.",way,MOVEMENT,MOVEMENT,"[""MOVEMENT"",""MACHINE"",""GIFT"",""A RIGHT"",""ENERGY""]"
32,283,1357,"That’s the blunt takeaway from this assessment of Naomi Klein’s new book, “This Changes Everything: Capitalism vs. the Climate.”",way,MOVEMENT,NO METAPHOR,"[""MOVEMENT"",""MACHINE"",""EMOTION EXPERIENCER"",""MEDICINE"",""ADDICTION""]"
33,284,1329,"To their way of thinking, policy makers should never try to help consumers lower their electricity bills (people should be able to waste money if they want to) or attempt to address climate change (a radical theory cooked up by tree-hugging liberals).",way,MOVEMENT,MOVEMENT,"[""MOVEMENT"",""PATHWAY"",""INSANITY"",""FOOD"",""STRUGGLE""]"
34,285,1328,"My approach was to try to document the emotional toll it takes on people who lose their homes, the seniors who spend their days just trying to survive the heat, and hopefully do it in a way that touches our readers’ hearts and inspire them to take action to help reduce carbon emissions and mitigate climate change.",approach,MOVEMENT,MOVEMENT,"[""MOVEMENT"",""OBJECT HANDLING"",""ENERGY"",""DISEASE"",""WAR""]"
35,286,1347,"But just one in five Americans favored increasing taxes on electricity as a way to fight global warming; six in 10 were strongly opposed, including 49 percent of Democrats.",way,MOVEMENT,MOVEMENT,"[""MOVEMENT"",""BUILDING"",""ANIMAL"",""STRENGTH"",""FIRE""]"
36,287,1385,"\\\If they don't do it, they're going to have a very hard time getting back in the game seriously, in terms of playing a leading role in shaping an international approach,\\\ said William Nitze, a former State Department official who was responsible for coordinating Government policy on global warming and who represented the United States in international meetings on the subject.",approach,MOVEMENT,MOVEMENT,"[""MOVEMENT"",""OBJECT HANDLING"",""GAME"",""DARKNESS"",""OBJECT HANDLING""]"
37,288,1332,"That approach reached even the White House this week, with Thomas P. Bossert, Mr. Trump’s Homeland Security adviser, declaring that the administration takes “seriously the threat of climate change.”",approach,MOVEMENT,MOVEMENT,"[""MOVEMENT"",""FORWARD MOVEMENT"",""GOAL DIRECTED"",""IMPURITY"",""HIGH POINT""]"
38,289,1323,"In a new approach, the suit charges that the utilities are creating a ''public nuisance,'' global warming, that harms residents in the states bringing the action.",approach,MOVEMENT,MOVEMENT,"[""MOVEMENT"",""FORWARD MOVEMENT"",""GEOGRAPHIC FEATURE"",""LOW POINT"",""ANIMAL""]"
39,290,1355,"But these days, she has been a driving force behind a new battle against global warming.",force,STRUGGLE,STRUGGLE,"[""STRUGGLE"",""WAR"",""BATTLE"",""ENSLAVEMENT"",""BUSINESS""]"
40,291,1334,"“Future waves of migration are inevitable and Europe is their main destination,” Mr. Beevor said, pointing to the disruptive forces of poverty and climate change in developing countries as the main reasons.",forces,STRUGGLE,STRUGGLE,"[""STRUGGLE"",""WAR"",""MAZE"",""THEFT"",""STRUGGLE""]"
41,292,1363,"She writes about Angler in San Francisco, where the chef is showing how a seafood-rich menu can adapt to the forces of climate change.",forces,STRUGGLE,STRUGGLE,"[""STRUGGLE"",""WAR"",""SERVANT"",""HIGH POINT"",""LEADER""]"
42,293,1365,"Exxon is also a major force behind the Global Climate Coalition, a business lobby that opposed Kyoto.",force,STRUGGLE,STRUGGLE,"[""STRUGGLE"",""ENERGY"",""POSITION AND CHANGE OF POSITION ON A SCALE"",""BACKWARD MOVEMENT"",""BATTLE""]"
43,294,1335,It knew it was up against formidable forces  —  from the oil and coal companies that finance the studies skeptical of climate change to conservatives who hate anything that will lead to more government regulations to the Chamber of Commerce that will resist any energy taxes.,forces,STRUGGLE,STRUGGLE,"[""STRUGGLE"",""WAR"",""A GOD"",""LIFE STAGE"",""FOOD""]"
44,295,1383,"While politicians are increasingly willing to include environmental messages in their campaigns, many at the national level still steer clear of the politically charged topic of climate change.",clear,OBJECT HANDLING,OBJECT HANDLING,"[""OBJECT HANDLING"",""VISION"",""DELICACY"",""RESOURCE"",""EMOTION EXPERIENCER""]"
45,296,1346,"WASHINGTON — The United States and China inaugurated two days of high-level talks on Monday, exchanging promises of great-power cooperation on weighty issues like climate change while steering clear of potential conflicts over exchange rates and human rights.",clear,OBJECT HANDLING,OBJECT HANDLING,"[""OBJECT HANDLING"",""CONTAMINATION"",""BACKWARD MOVEMENT"",""ABYSS"",""PHYSICAL OBJECT""]"
46,297,1342,"Yet Mr. Fink’s most recent letter to investors, published this month, makes no direct mention of climate change, and BlackRock’s statement after Brazil’s election in October appears to celebrate Mr. Bolsonaro’s win, lauding his commitment “to building on the reform agenda put in place over the past two years.”",direct,OBJECT HANDLING,NO METAPHOR,"[""OBJECT HANDLING"",""HUMAN BODY"",""HIGH POINT"",""FOOD"",""WEAKNESS""]"
47,298,1336,"Mr. Biden and the Democrats spent the week prosecuting arguments against him on Covid-19, unemployment, health care, child care, climate change, foreign policy and his fundamental fitness for the presidency — attacks that only presaged a fall campaign that, even when it features Mr. Biden, will be aimed entirely at drawing contrasts with the current occupant of the Oval Office, Democrats say.",presaged,VISION,VISION,"[""VISION"",""LIGHT"",""CLOTHING"",""ANIMAL"",""OBESITY""]"
48,299,1345,"Mr. Biden and the Democrats spent the week prosecuting arguments against him on Covid-19, unemployment, health care, child care, climate change, foreign policy and his fundamental fitness for the presidency — attacks that only presaged a fall campaign that, even when it features Mr. Biden, will be aimed entirely at drawing contrasts with Mr. Trump.",presaged,VISION,VISION,"[""VISION"",""LIGHT"",""CRIME"",""IMPURITY"",""GAME""]"
49,300,1344,"“From a climate change point of view you can’t have a better candidate than Joe Biden,” he said.",view,VISION,VISION,"[""VISION"",""GOAL DIRECTED"",""PORTAL"",""CRIME"",""INSANITY""]"
0,301,1542,"But Mr. McCain has also  distanced himself from some long-held positions: he once backed measures to deal with climate change, which made his criticism of Mr. Graham’s bill so striking.",positions,MOVEMENT,PHYSICAL LOCATION,"[""MOVEMENT"",""PHYSICAL LOCATION"",""MAZE"",""NATURAL PHYSICAL FORCE"",""CRIME""]"
1,302,1564,"When the lawsuit was filed in 2004, the E.P.A. under the Bush administration took the view that the Clean Air Act did not permit it to issue regulations addressing climate change and that it would be unwise to do so in any event.",took,OBJECT HANDLING,OBJECT HANDLING,"[""OBJECT HANDLING"",""A RIGHT"",""FACTORY"",""FORWARD MOVEMENT"",""FORCEFUL EXTRACTION""]"
2,303,1541,"The Wall Street Journal examines how the climate change debate is “straining traditional alliances in Washington,” with several companies having expressed their displeasure with the Chamber of Commerce over its views.",views,VISION,VISION,"[""VISION"",""GOAL DIRECTED"",""OBESITY"",""IMPURITY"",""MEDICINE""]"
3,304,1547,"The mayor said the project should be financed by the federal government, which he said was unlikely as long as President Trump was in office, given Mr. Trump’s skeptical view of climate change.",view,VISION,VISION,"[""VISION"",""GOAL DIRECTED"",""HIGH LOCATION"",""GAME"",""FIRE""]"
4,305,1573,Concern about climate change and China’s role must be seen against the background of China’s economic and social development.,background,VISION,STAGE,"[""VISION"",""STAGE"",""BARRIER"",""AVERSION"",""DESTROYER""]"
5,306,1554,"In some ways, this presidential election cycle has brought climate change closer to the forefront than any previous election, and the two campaigns could not provide a more stark contrast.",forefront,VISION,VISION,"[""VISION"",""PHYSICAL LOCATION"",""PHYSICAL BURDEN"",""SCIENCE"",""DARKNESS""]"
6,307,1528,"With issues like global warming and high gas prices at the forefront of public consciousness, many advocates say that after years of struggle, they finally have the political capital to make cycling a top priority in the city.",forefront,VISION,VISION,"[""VISION"",""PHYSICAL LOCATION"",""FORWARD MOVEMENT"",""STRUGGLE"",""PLANT""]"
7,308,1569,"Related: Italy’s education minister said this week that public schools would soon require students in every grade to study climate change and sustainability, a step that would put the country at the forefront of environmental education worldwide.",forefront,VISION,VISION,"[""VISION"",""LIGHT"",""MAGIC"",""MORAL DUTY"",""HIGH POINT""]"
8,309,1538,The mayor concluded by urging the United Nations members to make put cities at the forefront of their efforts against climate change.,forefront,VISION,VISION,"[""VISION"",""LIGHT"",""STORY"",""MONSTER"",""NATURAL PHYSICAL FORCE""]"
9,310,1556,"BISMARCK, N.D. — Donald J. Trump traveled Thursday to the heart of America’s oil and gas boom, where he called for more fossil fuel drilling and fewer environmental regulations while vowing to “cancel the Paris climate agreement,” the 2015 accord committing nearly every nation to taking action to curb climate change.",heart,HUMAN BODY,HUMAN BODY,"[""HUMAN BODY"",""PHYSICAL LOCATION"",""NATURAL PHYSICAL FORCE"",""MONSTER"",""A GOD""]"
10,311,1529,"At his Senate confirmation hearing, Mr. Kerry said he intended to put climate change at the heart of his agenda at the State Department.",heart,HUMAN BODY,HUMAN BODY,"[""HUMAN BODY"",""PHYSICAL LOCATION"",""POSITION AND CHANGE OF POSITION ON A SCALE"",""LIFE STAGE"",""FAMILY""]"
11,312,1549,"The heart of the rule is a set of aggressive Environmental Protection Agency regulations intended to curb planet-warming carbon pollution, which comes mainly from coal-fired power plants.",heart,HUMAN BODY,HUMAN BODY,"[""HUMAN BODY"",""ANIMAL"",""ANIMAL"",""INSANITY"",""DARKNESS""]"
12,313,1571,Mr. Steyer and his strategists said that their campaigns succeeded in injecting the issue of climate change into the heart of the political debate when it had long been sidelined.,heart,HUMAN BODY,HUMAN BODY,"[""HUMAN BODY"",""CONFINEMENT"",""PARASITE"",""DOWNWARD MOVEMENT"",""LOW LOCATION""]"
13,314,1534,"But at the heart of his plan is cap and trade, a market-based approach that has been widely praised but does little to slow global warming or reduce our dependence on fossil fuels.",heart,HUMAN BODY,HUMAN BODY,"[""HUMAN BODY"",""PHYSICAL LOCATION"",""OBJECT HANDLING"",""LIFE STAGE"",""HUMAN BODY""]"
14,315,1570,“What you’re looking at is climate change queued up.,looking,VISION,VISION,"[""VISION"",""LIGHT"",""MORAL DUTY"",""STRUGGLE"",""PHYSICAL BURDEN""]"
15,316,1567,"Re ''One Answer to Global Warming: A New Tax'' (Economic View, Sept. 16), which looked at the possibility of a global carbon tax:",View,VISION,VISION,"[""VISION"",""SCIENCE"",""HIGH POINT"",""EMOTION EXPERIENCER"",""MACHINE""]"
16,317,1557,"In today’s show, we look at the battle over climate change through the eyes of a coal miner.",look,VISION,VISION,"[""VISION"",""HUMAN BODY"",""WAR"",""FAMILY"",""HUMAN BODY""]"
17,318,1561,The commission enlisted some of the world’s top economists and business consultants to take a fresh look at the economic questions surrounding climate change.,look,VISION,VISION,"[""VISION"",""DOWNWARD MOVEMENT"",""LOW LOCATION"",""CRIME"",""GIFT""]"
18,319,1568,"In meditative essays, Rush looks at how we are confronting climate change and the psychic and literary toll it is taking.",looks,VISION,VISION,"[""VISION"",""LIGHT"",""CONTAMINATION"",""ENSLAVEMENT"",""RESOURCE""]"
19,320,1555,"He starts Tuesday with a United Nations meeting on climate change, then addresses the United Nations General Assembly on Wednesday, and continues the week by playing host to the Group of Twenty economic conference in Pittsburgh on Thursday.",host,FURNISHINGS,FURNISHINGS,"[""FURNISHINGS"",""LEADER"",""STORY"",""INSANITY"",""BARRIER""]"
20,321,1552,"“I’m very concerned about the pace of things,” Yvo de Boer, the executive secretary of the United Nations Framework Convention on Climate Change, which is playing host to the meeting, said Thursday.",host,FURNISHINGS,FURNISHINGS,"[""FURNISHINGS"",""LEADER"",""MORAL DUTY"",""STORY"",""SCIENCE""]"
21,322,1560,"Privately, Ford executives laid out an internal goal last year to improve fuel economy 80 percent by 2030 as part of a plan to halt growth in global warming emissions.",laid,BUILDING,BUILDING,"[""BUILDING"",""SHAPE"",""HIGH POINT"",""PLANT"",""DISEASE""]"
22,323,1539,"For now, governments are relying mostly on subsidies, but the ultimate answer, they say, probably lies in some form of taxation of carbon emissions that puts a system of carrots and sticks to work to limit global warming.",puts,OBJECT HANDLING,OBJECT HANDLING,"[""OBJECT HANDLING"",""MOVEMENT"",""PLANT"",""DISEASE"",""PHYSICAL LOCATION""]"
23,324,1553,"The Chicago Climate Exchange, a start-up venture hoping to create a market for member companies and governments to trade rights to emit gases associated with global warming, got off to an ambiguous start yesterday with an auction that laid the groundwork for trading to begin Oct. 31.",laid,BUILDING,BUILDING,"[""BUILDING"",""RESOURCE"",""BARRIER"",""MEDICINE"",""PARASITE""]"
24,325,1540,"TOKYO — Japan’s presumptive prime minister breathed new life on Monday into efforts to curb global warming, standing by a campaign pledge to cut greenhouse gas emissions by 25 percent in the next 10 years from 1990 levels — a target that environmentalists said puts Japan at the forefront of the fight against climate change.",puts,OBJECT HANDLING,OBJECT HANDLING,"[""OBJECT HANDLING"",""PHYSICAL OBJECT"",""PHYSICAL LOCATION"",""ENSLAVEMENT"",""BUILDING""]"
25,326,1543,The most realistic path to reducing global warming gases is to limit emissions across the economy by putting a price on carbon.,putting,OBJECT HANDLING,OBJECT HANDLING,"[""OBJECT HANDLING"",""MOVEMENT"",""GIFT"",""MOVEMENT"",""LIFE STAGE""]"
26,327,1558,I stand among the readers who worry that Stephens is minimizing the serious risk of climate change by referring to the “modest” warming of the earth and likening polling data to sophisticated climate models.,stand,MOVEMENT,MOVEMENT,"[""MOVEMENT"",""WEAKNESS"",""STORY"",""CONTAMINATION"",""ENERGY""]"
27,328,1535,"Some officials in the State and Energy departments and at the Environmental Protection Agency had urged Mr. Bush to take a stronger stand in his speech, which is scheduled for delivery Monday, on the issue of global warming.",stand,BACKWARD MOVEMENT,MOVEMENT,"[""BACKWARD MOVEMENT"",""STRENGTH"",""CROP"",""RACE"",""PHYSICAL LOCATION""]"
28,329,1544,"But Mr. McCain took a stand, just as he did in recognizing the threat of global warming early.",stand,MOVEMENT,MOVEMENT,"[""MOVEMENT"",""OBJECT HANDLING"",""DELICACY"",""FURNISHINGS"",""BUILDING""]"
29,330,1548,"In the Senate she made impressive independent stands in favor of immigration reform, limits on power-plant emissions and other efforts to combat climate change, and extending expiring unemployment benefits.",stands,MOVEMENT,MOVEMENT,"[""MOVEMENT"",""OBJECT HANDLING"",""A GOD"",""THEFT"",""MAGIC""]"
30,331,1537,"These include not only Republicans who panic at any regulation, but also Democrats who say they worry about climate change but insist that the executive branch stand aside until Congress gets around to dealing with it.",stand,MOVEMENT,MOVEMENT,"[""MOVEMENT"",""BUILDING"",""RESOURCE"",""STAGE"",""PHYSICAL LOCATION""]"
31,332,1566,We base our stance on climate change on studies.”,base,BUILDING,BUILDING,"[""BUILDING"",""MACHINE"",""BATTLE"",""DARKNESS"",""HIGH LOCATION""]"
32,333,1546,"“Our entire campaign has been premised that the president will make good on his promises and rhetoric on climate change,” said Dan Kessler, a spokesman for 350.org, a group waging a campaign against construction of the pipeline.",premised,BUILDING,BUILDING,"[""BUILDING"",""STAGE"",""PLIABILITY"",""WEAKNESS"",""FORCEFUL EXTRACTION""]"
33,334,1536,"One policy group that has expressed skepticism about climate change, the Heartland Institute, pointed to a widely used projection of 60,000 deaths to attack earlier models predicting up to two million fatalities.",projection,BUILDING,BUILDING,"[""BUILDING"",""SCIENCE"",""ANIMAL"",""TEMPERATURE"",""WEATHER""]"
34,335,1525,"Mr. Obama’s  blueprint, which will project spending and revenues for the next decade, will flesh out the president’s thinking on his energy plans both to cap the emissions of gases, particularly carbon dioxide, that are blamed for climate change and to spur development of nonpolluting energy alternatives.",project,BUILDING,BUILDING,"[""BUILDING"",""RESOURCE"",""SCHISM"",""TEMPERATURE"",""BATTLE""]"
35,336,1559,"He is basing his entire campaign on the issue, and on Friday released the first of what he says will be a series of policies to stop climate change.",basing,BUILDING,BUILDING,"[""BUILDING"",""SCIENCE"",""MOVEMENT"",""GIFT"",""OBESITY""]"
36,337,1551,"Thomas Friedman asserts that climate change advocates and poverty fighters have been at odds (“Connecting nature’s dots,” Views, Aug. 24).",odds,STRUGGLE,STRUGGLE,"[""STRUGGLE"",""COMPETITION"",""SCHISM"",""GEOGRAPHIC FEATURE"",""ENERGY""]"
37,338,1572,"It's a stance that puts him at odds with many people at G.M., among them the company's stogie-wielding vice chairman, Bob Lutz, who talks of global warming as tree-huggers' hokum and of the Kyoto Protocol as conspiracy theory.",odds,STRUGGLE,STRUGGLE,"[""STRUGGLE"",""COMPETITION"",""BACKWARD MOVEMENT"",""DARKNESS"",""A RIGHT""]"
38,339,1530,"Cruz has gone the extra step of denying the very existence of climate change, an assertion that puts him at odds with three-fourths of the American public.",odds,STRUGGLE,STRUGGLE,"[""STRUGGLE"",""COMPETITION"",""LEADER"",""STAGE"",""MOVEMENT""]"
39,340,1531,"The Kochs’ libertarian-tinged politics have often put them at odds with Mr. Trump, even though the brothers’ oil and petrochemicals conglomerate, Koch Industries, stands to benefit from the president’s energy policies and views on climate change.",odds,STRUGGLE,STRUGGLE,"[""STRUGGLE"",""COMPETITION"",""THEFT"",""STAGE"",""FURNISHINGS""]"
40,341,1562,"While she may find common ground with Mr. Trump on that topic, Ms. Frederiksen is at odds with him on global warming, an issue that tops her agenda.",odds,STRUGGLE,STRUGGLE,"[""STRUGGLE"",""COMPETITION"",""ENERGY"",""RESOURCE"",""GAP""]"
41,342,1565,"“Never have I felt more of a sense of obligation and a sense of purpose to maintain California’s leadership not only nationally but internationally to face climate change head on,” he said.",head,HUMAN BODY,HUMAN BODY,"[""HUMAN BODY"",""CONFINEMENT"",""MOVEMENT"",""VEHICLE"",""VISION""]"
42,343,1545,"“I saw that local mayors and county leaders were dealing with the impacts of climate change head on,” he said.",head,HUMAN BODY,HUMAN BODY,"[""HUMAN BODY"",""CONFINEMENT"",""FORCEFUL EXTRACTION"",""DISEASE"",""PHYSICAL HARM""]"
43,344,1524,"Mr. Biden and the Democrats spent the week prosecuting arguments against him on Covid-19, unemployment, health care, child care, climate change, foreign policy and his fundamental fitness for the presidency — attacks that only presaged a fall campaign that, even when it features Mr. Biden, will be aimed entirely at drawing contrasts with the current occupant of the Oval Office, Democrats say.",aimed,GOAL DIRECTED,GOAL DIRECTED,"[""GOAL DIRECTED"",""TOOL"",""TEMPERATURE"",""ADDICTION"",""PHYSICAL OBJECT""]"
44,345,1532,"He will then hold a town-hall-style event at Dartmouth College, where the discussion is expected to focus on his plans for tuition-free higher education, climate change and economic inequality.",plans,BUILDING,BUILDING,"[""BUILDING"",""MOVEMENT"",""BATTLE"",""CLOTHING"",""CONFINEMENT""]"
45,346,1527,"In James Traub's inspired portrait of Al Gore, NASA's James Hansen is quoted as having written that ''Al Gore may have done for global warming what 'Silent Spring' did for pesticides'' (''Al Gore Has Big Plans,''",Plans,MOVEMENT,MOVEMENT,"[""MOVEMENT"",""GOAL DIRECTED"",""ANIMAL"",""DELICACY"",""MOVEMENT""]"
46,347,1563,"I look forward to working with congressional leaders who share the president-elect's vision of bringing hope to rural America, of being good stewards of our natural resources, are providing American leadership on climate change and making America a nation truly dedicated to health and nutrition.",vision,VISION,GOAL DIRECTED,"[""VISION"",""GOAL DIRECTED"",""CRIME"",""PROTECTION"",""DELICACY""]"
47,348,1550,"“The vast majority of the G-20 supports the president’s vision for universal access to affordable and reliable energy, including finding ways to burn fossil fuels more cleanly and efficiently,” said George David Banks, a special assistant to the president on international energy and environment and lead negotiator for climate change during the G-20 conference.",vision,VISION,GOAL DIRECTED,"[""VISION"",""GOAL DIRECTED"",""FORWARD MOVEMENT"",""FOOD"",""COMPETITION""]"
48,349,1533,"The House passed a climate change bill, but it took deal-making and lobbying that alienated some around Mr. Obama.",passed,PATHWAY,PATHWAY,"[""PATHWAY"",""BARRIER"",""PATHWAY"",""RULE ENFORCER"",""ENERGY""]"
49,350,1526,"The House passed a climate change bill, but it took deal-making and lobbying that alienated some around Mr. Obama.",pass,PATHWAY,PATHWAY,"[""PATHWAY"",""OBJECT HANDLING"",""RESOURCE"",""SIZE"",""SERVANT""]"
0,351,1731,Deal-Making on the Hill:  John Broder mines the exceptionally high level of activity for concessions and deals behind last week‚Äôs House narrow passage of the climate change bill.,passage,PATHWAY,PATHWAY,"[""PATHWAY"",""RULE ENFORCER"",""SHAPE"",""MAGIC"",""HIGH LOCATION""]"
1,352,1792,"But while the House has passed a broad climate change bill, the prospects in the Senate are uncertain.",passed,PATHWAY,PATHWAY,"[""PATHWAY"",""BARRIER"",""CONFINEMENT"",""FAMILY"",""BARRIER""]"
2,353,1790,The president is working closely with Congress to pass energy and climate legislation as soon as possible.,pass,PATHWAY,PATHWAY,"[""PATHWAY"",""OBJECT HANDLING"",""WEAKNESS"",""RULE ENFORCER"",""CLOTHING""]"
3,354,1801,"But on climate change and other issues, the president will have his work cut out for him.",cut,TOOL,TOOL,"[""TOOL"",""CLOTHING"",""FOOD"",""CLOTHING"",""MACHINE""]"
4,355,1735,"Mr. Blankenship‚Äôs views ‚Äî which include opposition to climate change legislation working its way through Congress ‚Äî are shared by many in his industry, and they are increasingly at odds with utilities staking out their own positions on the issue.",staking,TOOL,TOOL,"[""TOOL"",""BUILDING"",""MORAL DUTY"",""FORWARD MOVEMENT"",""TEMPERATURE""]"
5,356,1755,"Fred Webber, the industry's top lobbyist, cast doubt on a presentation on global warming by the staff of the state's air resources board at a hearing last month.",cast,BACKWARD MOVEMENT,BACKWARD MOVEMENT,"[""BACKWARD MOVEMENT"",""OBJECT HANDLING"",""LEADER"",""ABYSS"",""PORTAL""]"
6,357,1769,"The journalist, author of \\\The Shock Doctrine,‚Äù makes the case for the existence of climate change and argues that the market cannot solve the crisis.",makes,FACTORY,FACTORY,"[""FACTORY"",""BUSINESS"",""BODY OF WATER"",""BATTLE"",""HUMAN BODY""]"
7,358,1757,Exxon is a key supporter of research and advertisements that try to cast doubt on the seriousness of global warming and its link to fossil fuel emissions.,cast,BACKWARD MOVEMENT,BACKWARD MOVEMENT,"[""BACKWARD MOVEMENT"",""PHYSICAL OBJECT"",""FURNISHINGS"",""SERVANT"",""FOOD""]"
8,359,1768,"In the meantime, some of those eager to cast doubt on the human element in recent global warming may try to trumpet these findings.",cast,BACKWARD MOVEMENTBACKWARD MOVEMENT,BACKWARD MOVEMENT,"[""BACKWARD MOVEMENT"",""OBJECT HANDLING"",""BUILDING"",""AVERSION"",""LIGHT""]"
9,360,1750,The Obama administration hopes the program will help farmers adapt to climate change while making the case for broader climate regulations.,making,FACTORY,FACTORY,"[""FACTORY"",""BUSINESS"",""ENSLAVEMENT"",""CRIME"",""ANIMAL""]"
10,361,1728,"Mr. Clinton said he did not believe that his program would put him at odds with the Bush administration, which has resisted some efforts to address global warming and questioned some of the science behind assertions about greenhouse gases.",odds,STRUGGLE,STRUGGLE,"[""STRUGGLE"",""COMPETITION"",""CLOTHING"",""ENSLAVEMENT"",""SHAPE""]"
11,362,1779,"Mr. Clinton said he did not believe that his program would put him at odds with the Bush administration, which has resisted some efforts to address global warming and questioned some of the science behind assertions about greenhouse gases.",odds,STRUGGLE,STRUGGLE,"[""STRUGGLE"",""COMPETITION"",""NATURAL PHYSICAL FORCE"",""DOWNWARD MOVEMENT"",""ACCIDENT""]"
12,363,1777,"On climate change, however, Mr. Podesta said that Mr. Donohue‚Äôs views put him at odds with some important members.",odds,STRUGGLE,STRUGGLE,"[""STRUGGLE"",""COMPETITION"",""GIFT"",""HUMAN BODY"",""SERVANT""]"
13,364,1778,"Coming into Rio, the Administration found itself at odds with much of the rest of the world over treaties to control global warming and preserve the world's plant, animal and microbial species.",odds,STRUGGLE,STRUGGLE,"[""STRUGGLE"",""COMPETITION"",""BACKWARD MOVEMENT"",""MAGIC"",""HIGH LOCATION""]"
14,365,1747,"In Houston, meanwhile, Mr. McCain,  who has long been at odds with Mr. Bush on another environmental issue, climate change,  tried to distance himself from the White House.",odds,STRUGGLE,STRUGGLE,"[""STRUGGLE"",""COMPETITION"",""PLANT"",""POSITION AND CHANGE OF POSITION ON A SCALE"",""STRENGTH""]"
15,366,1759,"Last June, for example,¬†Romney staked out a position on global warming¬†in clear defiance of Republican orthodoxy, playing down its importance and the role of human beings in causing it:",staked,TOOL,TOOL,"[""TOOL"",""WEAKNESS"",""ACCIDENT"",""CONTAINER"",""NATURAL PHYSICAL FORCE""]"
16,367,1746,"NEW DELHI ‚Äî With international talks on climate change starting next week in Copenhagen, India staked out its early position  on Thursday by announcing that it would slow the growth of the nation‚Äôs greenhouse gas emissions by 2020, while also leaving open the possibility of taking bolder steps if an ‚Äúequitable‚Äù deal can be reached during the negotiations.",staked,TOOL,TOOL,"[""TOOL"",""LOW LOCATION"",""SCHISM"",""ACCIDENT"",""BARRIER""]"
17,368,1772,"This week, President Trump and Joe Biden have staked out dueling positions on the climate.",staked,TOOL,TOOL,"[""TOOL"",""BUILDING"",""GEOGRAPHIC FEATURE"",""CRIME"",""FAMILY""]"
18,369,1733,"Mrs. Clinton has faced scrutiny for her positions on climate change in the past, and was under intense pressure last summer before she staked out a position against the Keystone XL Pipeline.",staked,TOOL,TOOL,"[""TOOL"",""LOW LOCATION"",""BATTLE"",""BARRIER"",""STRENGTH""]"
19,370,1764,"In almost all of the cases in which conservative politicians are cautiously staking out territory on climate change, they still do not acknowledge the extent of man‚Äôs responsibility for causing it.",staking,TOOL,TOOL,"[""TOOL"",""BUILDING"",""FAMILY"",""PHYSICAL LOCATION"",""DELICACY""]"
20,371,1806,"Ms. Merkel, who began a fourth term as chancellor of Europe‚Äôs largest economy in 2017, also laid out ambitious plans to revive her country‚Äôs struggling efforts to meet its goals to help combat climate change, an effort that she credited partially to the Swedish activist Greta Thunberg and her mobilization of students across the globe.",meet,VISION,VISION,"[""VISION"",""POSITION AND CHANGE OF POSITION ON A SCALE"",""FIRE"",""TEMPERATURE"",""VISION""]"
21,372,1745,"Former Gov. Martin O‚ÄôMalley of Maryland, who has made climate change the center of his Democratic presidential campaign, laid out a plan last month that meets the criteria, winning Mr. Steyer‚Äôs blessing.",meets,VISION,NO METAPHOR,"[""VISION"",""HUMAN BODY"",""PARASITE"",""BARRIER"",""DARKNESS""]"
22,373,1771,"An article on Tuesday about Senator John McCain‚Äôs proposals to combat global warming referred incorrectly to the Washington-based Center for American Progress, whose top official noted that Mr. McCain sometimes voted with Democrats on environmental bills.",referred,BACKWARD MOVEMENT,NO METAPHOR,"[""BACKWARD MOVEMENT"",""LEADER"",""HIGH LOCATION"",""CROP"",""HAZARDOUS GEOGRAPHIC FEATURE""]"
23,374,1736,"An article on Tuesday about Senator John McCain‚Äôs proposals to combat global warming referred incorrectly to the Washington-based Center for American Progress, whose top official noted that Mr. McCain sometimes voted with Democrats on environmental bills.",referred,BACKWARD MOVEMENT,NO METAPHOR,"[""BACKWARD MOVEMENT"",""LEADER"",""STORY"",""CONTAINER"",""MAZE""]"
24,375,1734,"In rolling out this strategy, Jeffrey Immelt, General Electric's chief executive, called on the Bush administration to articulate a clear national policy on global warming.",called,HUMAN BODY,HUMAN BODY,"[""HUMAN BODY"",""RULE ENFORCER"",""STORY"",""MAZE"",""BACKWARD MOVEMENT""]"
25,376,1739,"Carlos Curbelo, the most vocal Republican in Congress calling for action to address climate change, lost his South Florida seat on Tuesday to a Democrat who accused him of not going far enough on the environment.",calling,HUMAN BODY,HUMAN BODY,"[""HUMAN BODY"",""GOAL DIRECTED"",""DOWNWARD MOVEMENT"",""GAME"",""IMPURITY""]"
26,377,1727,"On Friday, he unveiled his first major climate policy proposal, calling for all coal-fired power plants to be closed in a decade.",calling,HUMAN BODY,HUMAN BODY,"[""HUMAN BODY"",""GOAL DIRECTED"",""LOW LOCATION"",""FAMILY"",""WEAKNESS""]"
27,378,1773,"President Bush is set to announce a plan today calling for voluntary measures to slow but not halt the growth in emissions of heat-trapping gases linked to global warming, White House officials said last night.",calling,HUMAN BODY,HUMAN BODY,"[""HUMAN BODY"",""EMOTION EXPERIENCER"",""WEATHER"",""FIRE"",""CONTAINER""]"
28,379,1751,"That will give impetus to those who seek new emission curbs and energy limits to address climate change; or who want health care mandates to expand insurance coverage and restrain costs; or who are calling for new safeguards for food, prescription drugs and toys from China and other less-regulated trading partners.",calling,HUMAN BODY,HUMAN BODY,"[""HUMAN BODY"",""RULE ENFORCER"",""DOWNWARD MOVEMENT"",""MAGIC"",""GOAL DIRECTED""]"
29,380,1730,"But, he added, \\\We are taking a fresh look and we want to pursue the answers, get the answers, because the global warming problem is so serious.\\\",taking,OBJECT HANDLING,OBJECT HANDLING,"[""OBJECT HANDLING"",""MOVEMENT"",""PLIABILITY"",""PORTAL"",""MEDICINE""]"
30,381,1786,"The Times‚Äôs Andrew Revkin recently took a look at the e-mail messages, which were obtained from a British university‚Äôs server, finding they ‚Äúare causing a stir among global warming skeptics, who say they show that climate scientists conspired to overstate the case for a human influence on climate change.‚Äù",took,OBJECT HANDLING,OBJECT HANDLING,"[""OBJECT HANDLING"",""PHYSICAL OBJECT"",""WAR"",""PHYSICAL LOCATION"",""STAGE""]"
31,382,1803,"The report, written by David Sandalow, a former United States energy official now at Columbia University, takes a broad look at emissions and coal use in 2017 in China, which is by far the world‚Äôs top emitter of the heat-trapping gases that accelerate climate change.",takes,OBJECT HANDLING,OBJECT HANDLING,"[""OBJECT HANDLING"",""PHYSICAL OBJECT"",""OBESITY"",""POSITION AND CHANGE OF POSITION ON A SCALE"",""BODY OF WATER""]"
32,383,1725,The Los Angeles Times takes a closer look today at Mr. McCain and Mr. Obama‚Äôs stances on issues ranging from immigration to nuclear weapons to global warming and finds similarities between the two candidates.,takes,OBJECT HANDLING,OBJECT HANDLING,"[""OBJECT HANDLING"",""PHYSICAL OBJECT"",""FOOD"",""DISEASE"",""HUMAN BODY""]"
33,384,1748,"This year the podcast takes a deeper look at people around the world, particularly women, who are influencing the climate debate.",takes,OBJECT HANDLING,OBJECT HANDLING,"[""OBJECT HANDLING"",""MOVEMENT"",""UPWARD MOVEMENT"",""OBESITY"",""SERVANT""]"
34,385,1765,"Experts in China said there were several signs that the Obama administration could take a harder line toward Beijing, including Mr. Obama's emphasis on climate change and the environment in trade negotiations and Secretary of State Hillary Rodham Clinton's focus on human rights.",signs,VISION,VISION,"[""VISION"",""LIGHT"",""BARRIER"",""PHYSICAL OBJECT"",""FABRIC""]"
35,386,1799,"The proposed 1,179-mile pipeline, which would carry heavily polluting petroleum from the oil sands of Alberta to ports and refineries on the Gulf Coast, has emerged as a symbol for Democrats‚Äô and Republicans‚Äô fierce fight over energy, climate change and the economy.",symbol,VISION,VISION,"[""VISION"",""A GOD"",""SIZE"",""OBJECT HANDLING"",""INSANITY""]"
36,387,1741,"That was ‚Äúa very clear sign‚Äù of the government‚Äôs determination, said John Gummer, Lord Deben, the chairman of the Climate Change Committee, a watchdog that monitors progress on emissions reductions.",sign,VISION,VISION,"[""VISION"",""LIGHT"",""CONTAINER"",""BUSINESS"",""DESIRE""]"
37,388,1754,It was heralded Monday by some Congressional Democrats and environmentalists as a sign that the business community‚Äôs opposition to global warming legislation is weakening.,sign,VISION,VISION,"[""VISION"",""LIGHT"",""SIZE"",""PORTAL"",""EMOTION EXPERIENCER""]"
38,389,1776,"‚Ä¢ The French energy giant Total is investing in a small electric utility for $1.7 billion, a sign that oil and gas companies are diversifying their investments because of worries over climate change.",sign,VISION,VISION,"[""VISION"",""LIGHT"",""HIGH POINT"",""VEHICLE"",""A RIGHT""]"
39,390,1737,WASHINGTON ‚Äî The House passed a bill on Thursday that would block President Trump from abandoning the Paris Agreement on climate change and require his administration to devise a plan to cut America‚Äôs greenhouse gas emissions.,passed,PATHWAY,PATHWAY,"[""PATHWAY"",""BARRIER"",""STAGE"",""MEDICINE"",""PHYSICAL LOCATION""]"
40,391,1756,Congress must pass comprehensive clean energy legislation as soon as possible to show the world we are committed to a clean energy future and help make the Copenhagen climate negotiations a success this December.‚Äù,pass,PATHWAY,PATHWAY,"[""PATHWAY"",""RULE ENFORCER"",""COMPETITION"",""PHYSICAL OBJECT"",""TOOL""]"
41,392,1740,"In their long and frustrated efforts pushing Congress to pass legislation on global warming, environmentalists are gaining a new ally.",pass,PATHWAY,PATHWAY,"[""PATHWAY"",""OBJECT HANDLING"",""CONTAINER"",""TEMPERATURE"",""GEOGRAPHIC FEATURE""]"
42,393,1766,"If Congress does not pass legislation dealing with climate change, the administration will use the Environmental Protection Agency to impose new regulations.",pass,PATHWAY,PATHWAY,"[""PATHWAY"",""BARRIER"",""MAGIC"",""FACTORY"",""A RIGHT""]"
43,394,1724,"But Congress could pass a one-year extension of the old bill and direct the Department of Agriculture to use the extra time to develop, with farmers and other stakeholders, a plan to segue to climate-smart agriculture as soon as possible.",pass,PATHWAY,PATHWAY,"[""PATHWAY"",""RULE ENFORCER"",""FAMILY"",""IMPURITY"",""FIRE""]"
44,395,1749,"He‚Äôs utterly at odds with the style of progressive politics that dominates the internet, failing to properly apologize for touching women in ways that made them uncomfortable, offering half measures on climate change, and praising ‚Äúmy Republican friends in the House and Senate.‚Äù",odds,STRUGGLE,STRUGGLE,"[""STRUGGLE"",""COMPETITION"",""LOW LOCATION"",""OBJECT HANDLING"",""CONTAMINATION""]"
45,396,1723,"He even spoke frequently of global warming as an actual problem that needed solving, a view at odds with what other top industry executives have said.",odds,STRUGGLE,STRUGGLE,"[""STRUGGLE"",""COMPETITION"",""WEATHER"",""GIFT"",""PHYSICAL LOCATION""]"
46,397,1729,"Britain produces 2 percent of the world‚Äôs greenhouse gases, but it has been one of the loudest voices on global warming and has established some of the world‚Äôs most punitive taxes on carbon emissions.",voices,HUMAN BODY,HUMAN BODY,"[""HUMAN BODY"",""MAGIC"",""BARRIER"",""STORY"",""FOOD""]"
47,398,1738,"Mrs. Whitman has frequently been overruled by more conservative voices in the administration, most notably over policies on global warming, but she has dashed speculation that she might resign in protest, saying she remains proud of Mr. Bush's environmental record.",voices,HUMAN BODY,HUMAN BODY,"[""HUMAN BODY"",""MAGIC"",""PHYSICAL LOCATION"",""PORTAL"",""LIFE STAGE""]"
48,399,1726,"For too long, the loudest voices in the climate change debate have either called for large emission reductions in the next 10 years or ignored the fact that climate change is a real risk.",voice,HUMAN BODY,NO METAPHOR,"[""HUMAN BODY"",""MAGIC"",""EMOTION EXPERIENCER"",""DELICACY"",""A RIGHT""]"
49,400,1744,Evangelicals have recently become a significant voice in the chorus on global warming.,voice,HUMAN BODY,HUMAN BODY,"[""HUMAN BODY"",""MAGIC"",""FAMILY"",""CONTAINER"",""A RIGHT""]"